url,file,in_sitemap,indexable,canonical_self,title,title_len,meta_description_len,h1,schema_types,main_words,internal_inlinks,gsc_position_sep2026,gsc_query_notes,backlinks,action,reason
/,index.html,yes,yes,yes,Product & UI/UX Design Agency in India for SaaS | Designit,58,150,Product design for complex digital products,Answer ContactPoint Country FAQPage GeoCoordinates ImageObject Person PostalAddress Question Thing WebPage WebSite,1487,107,,,not checked (no backlink export available),REWRITE,"Make entity, positioning and commercial architecture clear"
/404/,404.html,no,no,none,404 — Page Not Found | Designit,31,145,Page Not Found,BreadcrumbList ListItem Organization WebPage WebSite,87,0,,,not checked (no backlink export available),KEEP (not indexable)*,Error page
/about-designit/,about-designit.html,no,yes,https://designit.co.in/about/,About Designit — Global UI/UX & Product Design Studio,53,152,About Designit,Answer Article BreadcrumbList ContactPoint Country FAQPage GeoCoordinates ImageObject ListItem Person PostalAddress Question WebPage WebSite,438,0,,,not checked (no backlink export available),REDIRECT (exists)*,301 to /about/ in vercel.json
/about/,about.html,yes,yes,yes,About Designit — Research-Led Product Design Studio,51,149,Research First. Design That Drives Growth.,Answer Article BreadcrumbList ContactPoint Country FAQPage GeoCoordinates ImageObject ListItem Person PostalAddress Question WebPage WebSite,825,107,,,not checked (no backlink export available),KEEP for now,Existing impressions (/about.html already 308s here)
/blog/,blog/index.html,yes,yes,yes,Blog | Designit — UI/UX Insights for Startup Founders,53,150,Insights for Founders Who Ship.,Answer Article Blog BlogPosting BreadcrumbList ContactPoint Country FAQPage GeoCoordinates ImageObject ListItem Organization Person PostalAddress Question WebPage WebSite,1862,107,,,not checked (no backlink export available),KEEP,Preserve existing content ecosystem; becomes the Insights hub with clusters
/blog/ai-driven-website-design-services-india/,blog/ai-driven-website-design-services-india/index.html,yes,yes,yes,AI-Driven Website Design Services in India | Designit,53,151,AI-Driven Website Design Services: The Next Frontier for Indian Businesses,Answer BlogPosting BreadcrumbList ContactPoint Country FAQPage GeoCoordinates ImageObject ListItem Person PostalAddress Question WebPage WebSite,1148,5,,,not checked (no backlink export available),KEEP*,"Not in the blueprint table; kept as-is, joins the internal-link graph"
/blog/arabic-rtl-ux-design-proptech-uae/,blog/arabic-rtl-ux-design-proptech-uae/index.html,yes,yes,yes,Arabic RTL UX Design for PropTech Apps: UAE Guide (2026),56,156,Arabic RTL UX Design for PropTech Apps: A Dubai Founder's Guide (2026),Answer BlogPosting BreadcrumbList ContactPoint Country FAQPage GeoCoordinates ImageObject ListItem Person PostalAddress Question SpeakableSpecification WebPage WebSite,2912,7,,,not checked (no backlink export available),KEEP*,"Not in the blueprint table; kept as-is, joins the internal-link graph"
/blog/b2b-saas-ui-ux-design-services-india/,blog/b2b-saas-ui-ux-design-services-india/index.html,yes,yes,yes,B2B SaaS UI/UX Design Services in India: 2026 Guide,51,154,The Ultimate Guide to B2B SaaS UI/UX Design Services in India,Answer BlogPosting BreadcrumbList ContactPoint Country FAQPage GeoCoordinates ImageObject ListItem Person PostalAddress Question WebPage WebSite,1013,8,20.47,,not checked (no backlink export available),UPDATE + EXPAND,Position 20.47
/blog/b2b-website-redesign-services-india/,blog/b2b-website-redesign-services-india/index.html,yes,yes,yes,B2B Website Redesign for Startups in India | Designit,53,150,B2B Website Redesign: When and Why Indian Startups Need It,Answer BlogPosting BreadcrumbList ContactPoint Country FAQPage GeoCoordinates ImageObject ListItem Person PostalAddress Question WebPage WebSite,847,3,,,not checked (no backlink export available),KEEP*,"Not in the blueprint table; kept as-is, joins the internal-link graph"
/blog/best-ai-tools-ui-ux-designers-2026/,blog/best-ai-tools-ui-ux-designers-2026/index.html,yes,yes,yes,Best AI Tools for UI/UX Designers (2026) | Designit,51,152,Best AI Tools for UI/UX Designers in 2026,Answer BlogPosting BreadcrumbList ContactPoint Country FAQPage GeoCoordinates ImageObject ListItem Person PostalAddress Question WebPage WebSite,957,4,,,not checked (no backlink export available),KEEP*,"Not in the blueprint table; kept as-is, joins the internal-link graph"
/blog/best-branding-agency-tech-startups-india/,blog/best-branding-agency-tech-startups-india/index.html,yes,yes,yes,Best Branding Agency for Tech Startups India | Designit,55,155,How to Choose the Best Branding Agency for Tech Startups in India,Answer BlogPosting BreadcrumbList ContactPoint Country FAQPage GeoCoordinates ImageObject ListItem Person PostalAddress Question WebPage WebSite,1208,5,21.36,,not checked (no backlink export available),KEEP + EXPAND,Position 21.36
/blog/branding-services-for-startups-india-cost/,blog/branding-services-for-startups-india-cost/index.html,yes,yes,yes,Branding Services for Startups in India: Cost & ROI,51,148,A Breakdown of Branding Services for Startups in India & Their Costs,Answer BlogPosting BreadcrumbList ContactPoint Country FAQPage GeoCoordinates ImageObject ListItem Person PostalAddress Question WebPage WebSite,1259,7,14.17,,not checked (no backlink export available),KEEP + EXPAND,Position 14.17
/blog/cost-ui-ux-design-mobile-app-india/,blog/cost-ui-ux-design-mobile-app-india/index.html,yes,yes,yes,Mobile App UI/UX Design Cost in India (2026) | Designit,55,147,How Much Does UI/UX Design Cost for a Mobile App in India (2026)?,Answer BlogPosting BreadcrumbList ContactPoint Country FAQPage GeoCoordinates ImageObject ListItem Person PostalAddress Question WebPage WebSite,905,6,10.06,,not checked (no backlink export available),KEEP + EXPAND,Position 10.06
/blog/cro-strategies-for-b2b-saas-india/,blog/cro-strategies-for-b2b-saas-india/index.html,yes,yes,yes,CRO Strategies for B2B SaaS Companies in India,46,156,Top CRO Strategies for B2B SaaS Companies in India,Answer BlogPosting BreadcrumbList ContactPoint Country FAQPage GeoCoordinates ImageObject ListItem Person PostalAddress Question WebPage WebSite,1132,8,17.67,,not checked (no backlink export available),UPDATE + EXPAND,Position 17.67
/blog/custom-website-vs-template-roi-india/,blog/custom-website-vs-template-roi-india/index.html,yes,yes,yes,Custom Website vs Template: ROI in India | Designit,51,148,Custom Website vs. Template: What’s the ROI for Indian Small Businesses?,Answer BlogPosting BreadcrumbList ContactPoint Country FAQPage GeoCoordinates ImageObject ListItem Person PostalAddress Question WebPage WebSite,1279,4,,,not checked (no backlink export available),KEEP*,"Not in the blueprint table; kept as-is, joins the internal-link graph"
/blog/design-system-cost-india-2026/,blog/design-system-cost-india-2026/index.html,yes,yes,yes,Design System Cost in India (2026 Guide) | Designit,51,143,How Much Does a Design System Cost in India? (2026 Guide),Answer BlogPosting BreadcrumbList ContactPoint Country FAQPage GeoCoordinates ImageObject ListItem Person PostalAddress Question WebPage WebSite,1847,8,,,not checked (no backlink export available),KEEP*,"Not in the blueprint table; kept as-is, joins the internal-link graph"
/blog/edtech-onboarding-ux-india/,blog/edtech-onboarding-ux-india/index.html,yes,yes,yes,EdTech Onboarding UX India: Fix the Day-7 Drop-Off,50,147,EdTech Onboarding UX in India: Fixing the Day-7 Drop-Off,Answer BlogPosting BreadcrumbList ContactPoint Country FAQPage GeoCoordinates ImageObject ListItem Person PostalAddress Question SpeakableSpecification WebPage WebSite,1754,3,,,not checked (no backlink export available),KEEP*,"Not in the blueprint table; kept as-is, joins the internal-link graph"
/blog/edtech-ux-design-agency-india/,blog/edtech-ux-design-agency-india/index.html,yes,yes,yes,Choosing an EdTech UX Design Agency in India | Designit,55,142,How to Choose an EdTech UX Design Agency in India,Answer BlogPosting BreadcrumbList ContactPoint Country FAQPage GeoCoordinates ImageObject ListItem Person PostalAddress Question WebPage WebSite,2424,9,,,not checked (no backlink export available),KEEP*,"Not in the blueprint table; kept as-is, joins the internal-link graph"
/blog/edtech-ux-design-india/,blog/edtech-ux-design-india/index.html,yes,yes,yes,EdTech UX Design: What Drives Retention (2026),46,151,"UX Design for EdTech Startups in India: What Drives Enrolment, Retention, and Revenue",Answer BlogPosting BreadcrumbList ContactPoint Country FAQPage GeoCoordinates ImageObject ListItem Person PostalAddress Question SpeakableSpecification WebPage WebSite,3150,5,5.62,,not checked (no backlink export available),KEEP + REFRESH,Position 5.62
/blog/fintech-onboarding-kyc-ux-india/,blog/fintech-onboarding-kyc-ux-india/index.html,yes,yes,yes,Fintech KYC Onboarding UX India: Fix Drop-Off,45,150,Fintech KYC Onboarding UX in India: Why Users Drop Off (And How to Fix It),Answer BlogPosting BreadcrumbList ContactPoint Country FAQPage GeoCoordinates ImageObject ListItem Person PostalAddress Question SpeakableSpecification WebPage WebSite,2300,7,5.93,,not checked (no backlink export available),KEEP + REFRESH,Position 5.93
/blog/fintech-ux-design-agency-india/,blog/fintech-ux-design-agency-india/index.html,yes,yes,yes,Fintech UX Design Agency India (2026 Guide) | Designit,54,148,Fintech UX Design in India: The 2026 Trust-First Playbook,Answer BlogPosting BreadcrumbList ContactPoint Country FAQPage GeoCoordinates ImageObject ListItem Person PostalAddress Question WebPage WebSite,2662,10,6.75,,not checked (no backlink export available),KEEP + EXPAND,Position 6.75
/blog/freelancer-vs-design-agency-startups/,blog/freelancer-vs-design-agency-startups/index.html,yes,yes,yes,Freelancer vs Design Agency for Startups | Designit,51,149,Freelancer vs Design Agency: Which Is Right for Your Startup?,Answer BlogPosting BreadcrumbList ContactPoint Country FAQPage GeoCoordinates ImageObject ListItem Person PostalAddress Question WebPage WebSite,2861,4,,,not checked (no backlink export available),KEEP*,"Not in the blueprint table; kept as-is, joins the internal-link graph"
/blog/generative-ai-website-personalization/,blog/generative-ai-website-personalization/index.html,yes,yes,yes,Generative AI for Website Personalization & CRO | Designit,58,146,Using Generative AI to Improve Website Personalization and Conversion Rates,Answer BlogPosting BreadcrumbList ContactPoint Country FAQPage GeoCoordinates ImageObject ListItem Person PostalAddress Question WebPage WebSite,920,6,,,not checked (no backlink export available),KEEP*,"Not in the blueprint table; kept as-is, joins the internal-link graph"
/blog/hire-ui-ux-designer-vs-agency-india/,blog/hire-ui-ux-designer-vs-agency-india/index.html,yes,yes,yes,Hire UI/UX Designer vs Agency in India | Designit,49,150,Hire UI/UX Designer vs. Agency for Startups in India: Which is Better?,Answer BlogPosting BreadcrumbList ContactPoint Country FAQPage GeoCoordinates ImageObject ListItem Person PostalAddress Question WebPage WebSite,1296,7,9.7,,not checked (no backlink export available),KEEP + EXPAND,Position 9.7
/blog/how-ai-is-changing-ux-design-india/,blog/how-ai-is-changing-ux-design-india/index.html,yes,yes,yes,How AI is Changing UX Design in India (2026) | Designit,55,157,How AI is Changing UX Design for Startups in India,Answer BlogPosting BreadcrumbList ContactPoint Country FAQPage GeoCoordinates ImageObject ListItem Person PostalAddress Question WebPage WebSite,1073,6,8,,not checked (no backlink export available),KEEP + REFRESH,Position 8
/blog/how-to-choose-a-product-design-agency/,blog/how-to-choose-a-product-design-agency/index.html,yes,yes,yes,How to Choose a Product Design Agency (2026) | Designit,55,153,How to choose a product design agency.,Answer BlogPosting BreadcrumbList ContactPoint Country FAQPage GeoCoordinates ImageObject ListItem Person PostalAddress Question WebPage WebSite,1558,7,19,,not checked (no backlink export available),UPDATE + EXPAND,Position 19
/blog/how-to-improve-website-conversion-rate-india/,blog/how-to-improve-website-conversion-rate-india/index.html,yes,yes,yes,How to Improve Website Conversion Rate in India | Designit,58,156,How to Improve Your Website Conversion Rate in India (Step-by-Step),Answer BlogPosting BreadcrumbList ContactPoint Country FAQPage GeoCoordinates ImageObject ListItem Person PostalAddress Question WebPage WebSite,968,12,47.35,,not checked (no backlink export available),UPDATE + REPOSITION,Position 47.35
/blog/landing-page-conversion-audit-services-india/,blog/landing-page-conversion-audit-services-india/index.html,yes,yes,yes,Landing Page Conversion Audit Services in India | Designit,58,147,Landing Page Conversion Audit Services: What They Are and Why You Need One,Answer BlogPosting BreadcrumbList ContactPoint Country FAQPage GeoCoordinates ImageObject ListItem Person PostalAddress Question WebPage WebSite,1201,8,,,not checked (no backlink export available),KEEP*,"Not in the blueprint table; kept as-is, joins the internal-link graph"
/blog/landing-page-design-lead-generation-india/,blog/landing-page-design-lead-generation-india/index.html,yes,yes,yes,Landing Page Design for Lead Generation India | Designit,56,154,Landing Page Design Secrets for Maximum Lead Generation in India,Answer BlogPosting BreadcrumbList ContactPoint Country FAQPage GeoCoordinates ImageObject ListItem Person PostalAddress Question WebPage WebSite,1062,2,,,not checked (no backlink export available),KEEP*,"Not in the blueprint table; kept as-is, joins the internal-link graph"
/blog/saas-dashboard-design-best-practices/,blog/saas-dashboard-design-best-practices/index.html,yes,yes,yes,SaaS Dashboard Design Best Practices to Cut Churn,49,155,SaaS Dashboard Design: 7 Best Practices That Reduce Churn,Answer BlogPosting BreadcrumbList ContactPoint Country FAQPage GeoCoordinates ImageObject ListItem Person PostalAddress Question WebPage WebSite,2030,6,7.44,,not checked (no backlink export available),KEEP + EXPAND,Position 7.44
/blog/saas-onboarding-ux-best-practices-india/,blog/saas-onboarding-ux-best-practices-india/index.html,yes,yes,yes,SaaS Onboarding UX Best Practices | Designit,44,154,SaaS Onboarding UX Best Practices That Reduce Drop-Off (India 2026),Answer BlogPosting BreadcrumbList ContactPoint Country FAQPage GeoCoordinates ImageObject ListItem Person PostalAddress Question WebPage WebSite,2035,14,11.38,,not checked (no backlink export available),UPDATE + EXPAND,Position 11.38
/blog/signs-your-company-needs-a-rebrand-india/,blog/signs-your-company-needs-a-rebrand-india/index.html,yes,yes,yes,Signs Your Tech Startup Needs a Rebrand in India | Designit,59,150,Signs Your Tech Startup Desperately Needs a Rebrand in 2026,Answer BlogPosting BreadcrumbList ContactPoint Country FAQPage GeoCoordinates ImageObject ListItem Person PostalAddress Question WebPage WebSite,847,5,,,not checked (no backlink export available),KEEP*,"Not in the blueprint table; kept as-is, joins the internal-link graph"
/blog/ui-ux-audit-for-website-india/,blog/ui-ux-audit-for-website-india/index.html,yes,yes,yes,"What a UI/UX Website Audit Covers (India, 2026)",47,145,What to Expect from a Professional UI/UX Audit for Your Website in India,Answer BlogPosting BreadcrumbList ContactPoint Country FAQPage GeoCoordinates ImageObject ListItem Person PostalAddress Question WebPage WebSite,888,7,,,not checked (no backlink export available),KEEP*,"Not in the blueprint table; kept as-is, joins the internal-link graph"
/blog/ui-ux-design-agency-dubai-proptech/,blog/ui-ux-design-agency-dubai-proptech/index.html,yes,yes,yes,UX for Dubai PropTech: 2026 Playbook | Designit,47,147,UI/UX Design for UAE PropTech: The 2026 Playbook,Answer BlogPosting BreadcrumbList ContactPoint Country FAQPage GeoCoordinates ImageObject ListItem Person PostalAddress Question WebPage WebSite,1873,5,,,not checked (no backlink export available),KEEP + EXPAND,Existing strong topical relevance
/blog/ui-ux-design-pricing-india-2026/,blog/ui-ux-design-pricing-india-2026/index.html,yes,yes,yes,UI/UX Design Cost in India 2026: Pricing Guide,46,133,How Much Does UI/UX Design Cost in India? (2026 Honest Guide),Answer BlogPosting BreadcrumbList ContactPoint Country FAQPage GeoCoordinates ImageObject ListItem Person PostalAddress Question WebPage WebSite,1334,7,,,not checked (no backlink export available),KEEP*,"Not in the blueprint table; kept as-is, joins the internal-link graph"
/blog/ux-audit-checklist/,blog/ux-audit-checklist/index.html,yes,yes,yes,UX Audit Checklist for SaaS Products and Websites,49,144,"UX Audit Checklist: What to Check, and in What Order",Answer BlogPosting BreadcrumbList ContactPoint Country FAQPage GeoCoordinates ImageObject ListItem Person PostalAddress Question WebPage WebSite,1644,7,,,not checked (no backlink export available),KEEP*,"Not in the blueprint table; kept as-is, joins the internal-link graph"
/blog/visual-identity-vs-branding-startups/,blog/visual-identity-vs-branding-startups/index.html,yes,yes,yes,Visual Identity vs Branding for Startups | Designit,51,157,Visual Identity vs. Branding: A Guide for Early-Stage Founders,Answer BlogPosting BreadcrumbList ContactPoint Country FAQPage GeoCoordinates ImageObject ListItem Person PostalAddress Question WebPage WebSite,1017,5,,,not checked (no backlink export available),KEEP*,"Not in the blueprint table; kept as-is, joins the internal-link graph"
/blog/why-ecommerce-bounce-rate-so-high-india/,blog/why-ecommerce-bounce-rate-so-high-india/index.html,yes,yes,yes,Why is My Ecommerce Bounce Rate So High in India? | Designit,60,141,Why is My Ecommerce Bounce Rate So High? (Indian Market Solutions),Answer BlogPosting BreadcrumbList ContactPoint Country FAQPage GeoCoordinates ImageObject ListItem Person PostalAddress Question WebPage WebSite,1108,6,,,not checked (no backlink export available),KEEP*,"Not in the blueprint table; kept as-is, joins the internal-link graph"
/blog/why-website-not-converting-visitors-india/,blog/why-website-not-converting-visitors-india/index.html,yes,yes,yes,Why Your Website Isn't Converting Visitors (India),50,155,Why Your Website is Not Converting Visitors (And How to Fix It in India),Answer BlogPosting BreadcrumbList ContactPoint Country FAQPage GeoCoordinates ImageObject ListItem Person PostalAddress Question WebPage WebSite,1346,8,,,not checked (no backlink export available),KEEP*,"Not in the blueprint table; kept as-is, joins the internal-link graph"
/careers/,careers.html,yes,yes,yes,UI/UX Design Jobs India — Remote Design Careers at Designit,59,153,Where Craft and Culture Align,Answer Article BreadcrumbList ContactPoint Country FAQPage GeoCoordinates ImageObject ListItem Person PostalAddress Question WebPage WebSite,479,105,,,not checked (no backlink export available),KEEP,Existing visibility (/careers.html already 308s here via cleanUrls)
/contact/,contact.html,yes,yes,yes,Contact Us — Designit | Let's Build Something Great Together,60,142,Let's Build Something Great Together,Answer Article BreadcrumbList ContactPoint Country FAQPage GeoCoordinates ImageObject ListItem Person PostalAddress Question WebPage WebSite,619,107,,,not checked (no backlink export available),KEEP,Existing indexed page (/contact.html already 308s here)
/industries/,industries/index.html,yes,yes,yes,"Industries We Design For: SaaS, Fintech, EdTech | Designit",58,147,Industries we design for,Answer BreadcrumbList CollectionPage ContactPoint Country FAQPage GeoCoordinates ImageObject ItemList ListItem Person PostalAddress Question WebSite,343,107,,,not checked (no backlink export available),KEEP + REWRITE,Industry hub
/industries/ai/,industries/ai/index.html,yes,yes,yes,Product Design for AI Startups & AI SaaS | Designit,51,154,Product design for AI startups and AI-native software,Answer BreadcrumbList ContactPoint Country FAQPage GeoCoordinates ImageObject ListItem Person PostalAddress Question Thing WebPage WebSite,524,100,,,not checked (no backlink export available),CREATE,Sections 27 and 32: strategic emerging category
/industries/automotive/,industries/automotive/index.html,yes,yes,yes,Automotive HMI Design Agency: Infotainment UX | Designit,56,156,In-car design where a second of attention is the budget,Answer BreadcrumbList ContactPoint Country FAQPage GeoCoordinates ImageObject ListItem Person PostalAddress Question Thing WebPage WebSite,536,100,,,not checked (no backlink export available),KEEP + EXPAND,Existing visibility
/industries/b2b-saas/,industries/b2b-saas/index.html,yes,yes,yes,B2B SaaS Design Agency: Dashboards & Workflows | Designit,57,159,B2B SaaS product design for complex workflows,Answer BreadcrumbList ContactPoint Country FAQPage GeoCoordinates ImageObject ListItem Person PostalAddress Question Thing WebPage WebSite,772,102,,,not checked (no backlink export available),KEEP + EXPAND,Strong topical opportunity
/industries/e-commerce/,industries/e-commerce/index.html,yes,yes,yes,E-commerce UX Design Agency: PDP & Checkout | Designit,54,147,"E-commerce design judged on revenue per visitor, not aesthetics",Answer BreadcrumbList ContactPoint Country FAQPage GeoCoordinates ImageObject ListItem Person PostalAddress Question Thing WebPage WebSite,465,100,,,not checked (no backlink export available),KEEP + EXPAND,Existing category
/industries/edtech/,industries/edtech/index.html,yes,yes,yes,EdTech UX Design Agency: Learning Platforms | Designit,54,157,"EdTech design measured by completion, not by enrolment",Answer BreadcrumbList ContactPoint Country FAQPage GeoCoordinates ImageObject ListItem Person PostalAddress Question Thing WebPage WebSite,782,101,,,not checked (no backlink export available),KEEP + EXPAND*,"Blueprint lists CREATE; the page already exists, so it is expanded around the edtech-ux-design-india seed"
/industries/fintech/,industries/fintech/index.html,yes,yes,yes,"Fintech UX Design Agency: KYC, Payments & Trust | Designit",58,158,"Fintech design, where trust is a feature and regulation is a constraint",Answer BreadcrumbList ContactPoint Country FAQPage GeoCoordinates ImageObject ListItem Person PostalAddress Question Thing WebPage WebSite,713,101,,,not checked (no backlink export available),KEEP + EXPAND,Existing authority seed
/industries/real-estate/,industries/real-estate/index.html,yes,yes,yes,PropTech & Real Estate Design Agency | Designit,47,157,"PropTech and real estate design, where the website is the first viewing",Answer BreadcrumbList ContactPoint Country FAQPage GeoCoordinates ImageObject ListItem Person PostalAddress Question Thing WebPage WebSite,575,101,,,not checked (no backlink export available),KEEP + REPOSITION AS PROPTECH*,Blueprint asks for /industries/proptech/; the existing URL is kept (equity) and /industries/proptech/ redirects to it
/locations/,locations/index.html,yes,yes,yes,"Where We Work: India, USA, UK and UAE | Designit",48,144,Where we work,BreadcrumbList CollectionPage ContactPoint Country GeoCoordinates ImageObject ItemList ListItem Person PostalAddress WebSite,235,99,,,not checked (no backlink export available),CREATE,Section 78: hub linking the existing USA/UK/Dubai pages
/privacy-policy/,privacy-policy.html,no,no,yes,Privacy Policy — Designit | Research-Led Product Design Studio,62,129,Privacy Policy,Answer ContactPoint Country FAQPage GeoCoordinates ImageObject Person PostalAddress Question WebPage WebSite,1503,99,,,not checked (no backlink export available),KEEP noindex*,"Legal page, intentionally noindex"
/project-detail/,project-detail.html,no,no,yes,Adda 247 — Case Study | Designit,32,98,Adda 247,BreadcrumbList ListItem Organization WebPage WebSite,551,0,,,not checked (no backlink export available),REVIEW*,Orphan template not in sitemap; see notes
/projects/,projects.html,yes,yes,yes,Selected Product Design Work & Case Studies | Designit,54,146,Selected product design work,Answer BreadcrumbList CollectionPage ContactPoint Country FAQPage GeoCoordinates ImageObject ItemList ListItem Person PostalAddress Question WebSite,915,107,,,not checked (no backlink export available),KEEP + REWRITE,Canonical work hub (nav label 'Work'; /work/ redirects here)
/projects/adda247/,projects/adda247.html,yes,yes,yes,Adda247 Case Study: EdTech Platform Redesign | Designit,55,151,Adda247: one coherent learning experience across a growing exam-prep platform,Answer Article BreadcrumbList ContactPoint Country FAQPage GeoCoordinates ImageObject ListItem Organization Person PostalAddress Question Thing WebPage WebSite,980,24,,,not checked (no backlink export available),KEEP + EXPAND,Existing impressions and proof
/projects/adda247/community/,projects/adda247/community.html,yes,yes,yes,Community Module — Adda 247 | Designit Case Study,49,123,Community Module,Answer Article BreadcrumbList ContactPoint Country FAQPage GeoCoordinates ImageObject ListItem Person PostalAddress Question WebPage WebSite,1511,4,,,not checked (no backlink export available),KEEP*,"Not in the blueprint table; kept as-is, joins the internal-link graph"
/projects/adda247/homepage-revamp/,projects/adda247/homepage-revamp.html,yes,yes,yes,Homepage Revamp — Adda247 | Designit Case Study,47,142,Keeping ADDA Home Simple & Approachable,Answer Article BreadcrumbList ContactPoint Country FAQPage GeoCoordinates ImageObject ListItem Person PostalAddress Question WebPage WebSite,1205,4,,,not checked (no backlink export available),"KEEP, review for consolidation later",Preserve existing search equity
/projects/adda247/ios-app/,projects/adda247/ios-app.html,yes,yes,yes,iOS & iPad App — Adda 247 | Designit Case Study,47,126,iOS & iPad App,Answer Article BreadcrumbList ContactPoint Country FAQPage GeoCoordinates ImageObject ListItem Person PostalAddress Question WebPage WebSite,1365,6,,,not checked (no backlink export available),KEEP,Distinct product artifact
/projects/adda247/live-class/,projects/adda247/live-class.html,yes,yes,yes,Live Class Module — Adda 247 | Designit Case Study,50,149,Live Class Module,Answer Article BreadcrumbList ContactPoint Country FAQPage GeoCoordinates ImageObject ListItem Person PostalAddress Question WebPage WebSite,1259,6,,,not checked (no backlink export available),KEEP,Unique scope
/projects/adda247/my-content/,projects/adda247/my-content.html,yes,yes,yes,My Content — Adda 247 | Designit Case Study,43,153,My Content,Answer Article BreadcrumbList ContactPoint Country FAQPage GeoCoordinates ImageObject ListItem Person PostalAddress Question WebPage WebSite,1328,4,,,not checked (no backlink export available),KEEP*,"Not in the blueprint table; kept as-is, joins the internal-link graph"
/projects/adda247/performance-dashboard/,projects/adda247/performance-dashboard.html,yes,yes,yes,Performance Dashboard — Adda 247 | Designit Case Study,54,160,Performance Dashboard,Answer Article BreadcrumbList ContactPoint Country FAQPage GeoCoordinates ImageObject ListItem Person PostalAddress Question WebPage WebSite,1393,5,,,not checked (no backlink export available),KEEP*,"Not in the blueprint table; kept as-is, joins the internal-link graph"
/projects/adda247/sankalp-bharat/,projects/adda247/sankalp-bharat.html,yes,yes,yes,Sankalp Bharat App — Adda 247 | Designit Case Study,51,123,Sankalp Bharat App,Answer Article BreadcrumbList ContactPoint Country FAQPage GeoCoordinates ImageObject ListItem Person PostalAddress Question WebPage WebSite,1282,5,,,not checked (no backlink export available),KEEP,Unique scope
/projects/adda247/studio-app/,projects/adda247/studio-app.html,yes,yes,yes,Studio App for Smart Boards — Adda 247 | Designit Case Study,60,122,Studio App for Smart Boards,Answer Article BreadcrumbList ContactPoint Country FAQPage GeoCoordinates ImageObject ListItem Person PostalAddress Question WebPage WebSite,1624,5,,,not checked (no backlink export available),KEEP*,"Not in the blueprint table; kept as-is, joins the internal-link graph"
/projects/adda247/test-series/,projects/adda247/test-series.html,yes,yes,yes,Test Series Enhancement — Adda 247 | Designit Case Study,56,152,Test Series Enhancement,Answer Article BreadcrumbList ContactPoint Country FAQPage GeoCoordinates ImageObject ListItem Person PostalAddress Question WebPage WebSite,1116,5,,,not checked (no backlink export available),KEEP,Unique scope
/projects/betacrew/,projects/betacrew.html,yes,yes,yes,Betacrew Portle Case Study: Developer Platform UX | Designit,60,154,Betacrew Portle: one developer platform replacing three API tools,Answer Article BreadcrumbList ContactPoint Country FAQPage GeoCoordinates ImageObject ListItem Organization Person PostalAddress Question Thing WebPage WebSite,490,15,,,not checked (no backlink export available),KEEP + EXPAND,Case-study opportunity
/projects/betacrew/portle/,projects/betacrew/portle.html,yes,yes,yes,Portle Case Study — Betacrew Fintech UX | Designit,50,155,Portle,Answer Article BreadcrumbList ContactPoint Country FAQPage GeoCoordinates ImageObject ListItem Person PostalAddress Question WebPage WebSite,1173,2,,,not checked (no backlink export available),KEEP*,"Not in the blueprint table; kept as-is, joins the internal-link graph"
/projects/kelp-global/,projects/kelp-global.html,yes,yes,yes,Kelp Global Case Study: B2B SaaS Product Suite | Designit,57,152,Kelp Global: three connected sales products on one design system,Answer Article BreadcrumbList ContactPoint Country FAQPage GeoCoordinates ImageObject ListItem Organization Person PostalAddress Question Thing WebPage WebSite,665,21,,,not checked (no backlink export available),KEEP + EXPAND,SaaS/product proof
/projects/kelp-global/deals-module/,projects/kelp-global/deals-module.html,yes,yes,yes,Deals Module — Kelp Global — Designit,37,150,Deals Module,Answer Article BreadcrumbList ContactPoint Country FAQPage GeoCoordinates ImageObject ListItem Person PostalAddress Question WebPage WebSite,1201,4,,,not checked (no backlink export available),KEEP*,"Not in the blueprint table; kept as-is, joins the internal-link graph"
/projects/kelp-global/kelp-plugin/,projects/kelp-global/kelp-plugin.html,yes,yes,yes,Kelp Plugin — Kelp Global — Designit,36,146,Kelp Plugin,Answer Article BreadcrumbList ContactPoint Country FAQPage GeoCoordinates ImageObject ListItem Person PostalAddress Question WebPage WebSite,838,4,,,not checked (no backlink export available),KEEP*,"Not in the blueprint table; kept as-is, joins the internal-link graph"
/projects/kelp-global/truenorth/,projects/kelp-global/truenorth.html,yes,yes,yes,Truenorth Analytics — Kelp Global — Designit,44,148,Truenorth Analytics,Answer Article BreadcrumbList ContactPoint Country FAQPage GeoCoordinates ImageObject ListItem Person PostalAddress Question WebPage WebSite,831,4,,,not checked (no backlink export available),KEEP*,"Not in the blueprint table; kept as-is, joins the internal-link graph"
/projects/rcentric/,projects/rcentric.html,yes,yes,yes,R-Centric Case Study: Luxury Dubai Property Sites | Designit,60,159,R-Centric: seven luxury Dubai property experiences on one shared system,Answer Article BreadcrumbList ContactPoint Country FAQPage GeoCoordinates ImageObject ListItem Organization Person PostalAddress Question Thing WebPage WebSite,644,24,,,not checked (no backlink export available),KEEP + EXPAND,Existing case study
/projects/rcentric/anwa-aria/,projects/rcentric/anwa-aria.html,yes,yes,yes,Anwa Aria — R-Centric (Omniyat) — Designit,42,150,Anwa Aria,Answer Article BreadcrumbList ContactPoint Country FAQPage GeoCoordinates ImageObject ListItem Person PostalAddress Question WebPage WebSite,807,4,,,not checked (no backlink export available),KEEP*,"Not in the blueprint table; kept as-is, joins the internal-link graph"
/projects/rcentric/ela/,projects/rcentric/ela.html,yes,yes,yes,ELA Residences — R-Centric (Omniyat) — Designit,47,135,ELA Residences,Answer Article BreadcrumbList ContactPoint Country FAQPage GeoCoordinates ImageObject ListItem Person PostalAddress Question WebPage WebSite,1007,4,,,not checked (no backlink export available),KEEP*,"Not in the blueprint table; kept as-is, joins the internal-link graph"
/projects/rcentric/liv-reside/,projects/rcentric/liv-reside.html,yes,yes,yes,LIV Reside — R-Centric (Omniyat) — Designit,43,152,LIV Reside,Answer Article BreadcrumbList ContactPoint Country FAQPage GeoCoordinates ImageObject ListItem Person PostalAddress Question WebPage WebSite,852,4,,,not checked (no backlink export available),KEEP*,"Not in the blueprint table; kept as-is, joins the internal-link graph"
/projects/rcentric/liv/,projects/rcentric/liv.html,yes,yes,yes,LIV — R-Centric (Omniyat) — Designit,36,156,LIV,Answer Article BreadcrumbList ContactPoint Country FAQPage GeoCoordinates ImageObject ListItem Person PostalAddress Question WebPage WebSite,816,4,,,not checked (no backlink export available),KEEP*,"Not in the blueprint table; kept as-is, joins the internal-link graph"
/projects/rcentric/opus/,projects/rcentric/opus.html,yes,yes,yes,OPUS — R-Centric (Omniyat) — Designit,37,150,OPUS,Answer Article BreadcrumbList ContactPoint Country FAQPage GeoCoordinates ImageObject ListItem Person PostalAddress Question WebPage WebSite,910,4,,,not checked (no backlink export available),KEEP*,"Not in the blueprint table; kept as-is, joins the internal-link graph"
/projects/rcentric/orla-infinity/,projects/rcentric/orla-infinity.html,yes,yes,yes,Orla Infinity — R-Centric (Omniyat) — Designit,46,149,Orla Infinity,Answer Article BreadcrumbList ContactPoint Country FAQPage GeoCoordinates ImageObject ListItem Person PostalAddress Question WebPage WebSite,796,4,,,not checked (no backlink export available),KEEP*,"Not in the blueprint table; kept as-is, joins the internal-link graph"
/projects/rcentric/vela-viento/,projects/rcentric/vela-viento.html,yes,yes,yes,Vela Viento — R-Centric (Omniyat) — Designit,44,156,Vela Viento,Answer Article BreadcrumbList ContactPoint Country FAQPage GeoCoordinates ImageObject ListItem Person PostalAddress Question WebPage WebSite,835,4,,,not checked (no backlink export available),KEEP*,"Not in the blueprint table; kept as-is, joins the internal-link graph"
/projects/tata-elxsi/,projects/tata-elxsi.html,yes,yes,yes,Tata Elxsi Case Study: Automotive HMI Design | Designit,55,152,Tata Elxsi: an infotainment system and instrument cluster designed for the glance,Answer Article BreadcrumbList ContactPoint Country FAQPage GeoCoordinates ImageObject ListItem Organization Person PostalAddress Question Thing WebPage WebSite,517,9,,,not checked (no backlink export available),KEEP + EXPAND,Existing visibility
/projects/tata-elxsi/infotainment/,projects/tata-elxsi/infotainment.html,yes,yes,yes,Infotainment System — Tata Elxsi — Designit,43,148,Infotainment System,Answer Article BreadcrumbList ContactPoint Country FAQPage GeoCoordinates ImageObject ListItem Person PostalAddress Question WebPage WebSite,984,4,,,not checked (no backlink export available),KEEP*,"Not in the blueprint table; kept as-is, joins the internal-link graph"
/projects/tata-elxsi/instrument-cluster/,projects/tata-elxsi/instrument-cluster.html,yes,yes,yes,Digital Instrument Cluster — Tata Elxsi — Designit,50,138,Digital Instrument Cluster,Answer Article BreadcrumbList ContactPoint Country FAQPage GeoCoordinates ImageObject ListItem Person PostalAddress Question WebPage WebSite,1000,4,,,not checked (no backlink export available),KEEP*,"Not in the blueprint table; kept as-is, joins the internal-link graph"
/resources/,resources/index.html,yes,yes,yes,Product Design Resources: Checklists & Guides | Designit,56,155,Resources for product teams,BreadcrumbList CollectionPage ContactPoint Country GeoCoordinates ImageObject ItemList ListItem Person PostalAddress WebSite,295,99,,,not checked (no backlink export available),CREATE,"Section 8B: resources layer (checklists now, reports later)"
/resources/ai-product-ux-checklist/,resources/ai-product-ux-checklist/index.html,yes,yes,yes,"AI Product UX Checklist: Trust, Control, Recovery | Designit",60,145,Check whether people can understand and trust your AI product,Answer BreadcrumbList ContactPoint Country FAQPage GeoCoordinates ImageObject ListItem Person PostalAddress Question WebPage WebSite,1028,2,,,not checked (no backlink export available),CREATE,Section 52: interactive checklist (linkable asset)
/resources/saas-onboarding-friction-checklist/,resources/saas-onboarding-friction-checklist/index.html,yes,yes,yes,SaaS Onboarding Friction Checklist: 25 Checks | Designit,56,144,Find where new users stall in your onboarding,Answer BreadcrumbList ContactPoint Country FAQPage GeoCoordinates ImageObject ListItem Person PostalAddress Question WebPage WebSite,952,2,,,not checked (no backlink export available),CREATE,Section 52: interactive checklist (linkable asset)
/resources/ux-audit-checklist/,resources/ux-audit-checklist/index.html,yes,yes,yes,Interactive UX Audit Checklist (48 Checks) | Designit,53,148,Score your product with the UX audit checklist,Answer BreadcrumbList ContactPoint Country FAQPage GeoCoordinates ImageObject ListItem Person PostalAddress Question WebPage WebSite,1437,3,,,not checked (no backlink export available),CREATE,Section 52: interactive checklist (linkable asset)
/resources/website-ux-scorecard/,resources/website-ux-scorecard/index.html,yes,yes,yes,Website UX Scorecard: Check What Converts | Designit,52,156,Score your website before you redesign it,Answer BreadcrumbList ContactPoint Country FAQPage GeoCoordinates ImageObject ListItem Person PostalAddress Question WebPage WebSite,1010,1,,,not checked (no backlink export available),CREATE,Section 52: interactive checklist (linkable asset)
/services/,services/index.html,yes,yes,yes,"Product Design Services: Research, UX, Systems | Designit",57,159,"Product design services, from research to scale",Answer BreadcrumbList CollectionPage ContactPoint Country FAQPage GeoCoordinates ImageObject ItemList ListItem Person PostalAddress Question WebSite,877,106,,,not checked (no backlink export available),KEEP + REWRITE,Services hub
/services/ai-product-design/,services/ai-product-design/index.html,yes,yes,yes,AI Product Design & AI UX Design Agency | Designit,50,145,Designing AI products people can understand and trust,Answer BreadcrumbList BusinessAudience ContactPoint Country FAQPage GeoCoordinates ImageObject ListItem Person PostalAddress Question Service WebPage WebSite,1568,106,,,not checked (no backlink export available),CREATE,Section 23: long-term AI authority category
/services/branding/,services/branding/index.html,yes,yes,yes,Branding Agency for Tech Startups & B2B SaaS | Designit,55,158,Brand systems for technology companies ready to grow,Answer BreadcrumbList BusinessAudience ContactPoint Country FAQPage GeoCoordinates ImageObject ListItem Person PostalAddress Question Service WebPage WebSite,1016,100,,,not checked (no backlink export available),CREATE,Section 26: GSC branding queries need a commercial destination
/services/conversion-optimization/,services/conversion-optimization/index.html,yes,yes,yes,Conversion Rate Optimization Through UX | Designit,50,154,Conversion optimization through better product experience,Answer BreadcrumbList BusinessAudience ContactPoint Country FAQPage GeoCoordinates ImageObject ListItem Person PostalAddress Question Service WebPage WebSite,874,101,,,not checked (no backlink export available),CREATE,Section 25: commercial destination for CRO content
/services/design-systems/,services/design-systems/index.html,yes,yes,yes,"Design System Agency: Tokens, Components & Docs | Designit",58,153,Design systems that help product teams ship consistently,Answer BreadcrumbList BusinessAudience ContactPoint Country FAQPage GeoCoordinates ImageObject ListItem Person PostalAddress Question Service WebPage WebSite,1366,106,,,not checked (no backlink export available),KEEP + EXPAND,Existing visibility and strategic value
/services/mobile-app-design/,services/mobile-app-design/index.html,yes,yes,yes,Mobile App Design Agency: iOS & Android UX | Designit,53,152,Mobile app design for products people open every day,Answer BreadcrumbList BusinessAudience ContactPoint Country FAQPage GeoCoordinates ImageObject ListItem Person PostalAddress Question Service WebPage WebSite,919,100,,,not checked (no backlink export available),CREATE,Section 98: tenth core commercial page
/services/product-design/,services/product-design/index.html,yes,yes,yes,Product Design Agency for Complex Products | Designit,53,151,Product design that turns complexity into usable experiences,Answer BreadcrumbList BusinessAudience ContactPoint Country FAQPage GeoCoordinates ImageObject ListItem Person PostalAddress Question Service WebPage WebSite,1946,106,,,not checked (no backlink export available),KEEP + REWRITE,Core commercial page
/services/saas-product-design/,services/saas-product-design/index.html,yes,yes,yes,SaaS Product Design Agency for B2B Products | Designit,54,160,SaaS product design for complex B2B products,Answer BreadcrumbList BusinessAudience ContactPoint Country FAQPage GeoCoordinates ImageObject ListItem Person PostalAddress Question Service WebPage WebSite,1438,106,,query 'saas product design agency' pos 91,not checked (no backlink export available),KEEP + REWRITE,High-value SaaS opportunity
/services/ui-ux-design/,services/ui-ux-design/index.html,yes,yes,yes,UI/UX Design Company & Studio in India | Designit,49,160,A UI/UX design studio for software people use every day,Answer BreadcrumbList BusinessAudience ContactPoint Country FAQPage GeoCoordinates ImageObject ListItem Person PostalAddress Question Service WebPage WebSite,1099,99,,,not checked (no backlink export available),KEEP + RETARGET*,Owns the 'ui ux design company / studio / services' pool so /services/product-design/ can own 'product design agency' without cannibalising it
/services/ux-audit/,services/ux-audit/index.html,yes,yes,yes,"UX Audit Services for SaaS, Websites & Apps | Designit",54,148,Find the friction before it costs you users,Answer BreadcrumbList BusinessAudience ContactPoint Country FAQPage GeoCoordinates ImageObject ListItem Person PostalAddress Question Service WebPage WebSite,2338,106,,ux audit agency 100; ux audit services 97.75; user experience audit services 100; ux audit companies 95.5; ux audit company 77.5; website ux audit company 98,not checked (no backlink export available),KEEP + REWRITE,Major ranking gap
/services/ux-research/,services/ux-research/index.html,yes,yes,yes,UX Research Services: Interviews & Testing | Designit,53,157,Research that turns product uncertainty into decisions,Answer BreadcrumbList BusinessAudience ContactPoint Country FAQPage GeoCoordinates ImageObject ListItem Person PostalAddress Question Service WebPage WebSite,1264,106,,,not checked (no backlink export available),KEEP + REWRITE,Major service opportunity
/services/website-design/,services/website-design/index.html,yes,yes,yes,Website Design & Redesign for B2B and SaaS | Designit,53,157,"Websites built to explain, convince and convert",Answer BreadcrumbList BusinessAudience ContactPoint Country FAQPage GeoCoordinates ImageObject ListItem Person PostalAddress Question Service WebPage WebSite,1160,101,,,not checked (no backlink export available),CREATE,Section 24: website redesign pool (SE Ranking)
/solutions/,solutions/index.html,yes,yes,yes,Product Design Solutions by Problem | Designit,46,145,Start with the problem you have,BreadcrumbList CollectionPage ContactPoint Country GeoCoordinates ImageObject ItemList ListItem Person PostalAddress WebSite,175,106,,,not checked (no backlink export available),CREATE,Section 28: solutions hub
/solutions/conversion-improvement/,solutions/conversion-improvement/index.html,yes,yes,yes,How to Improve Website & SaaS Conversion with UX | Designit,59,153,"Improve conversion by fixing the experience, not the button colour",Answer BreadcrumbList ContactPoint Country FAQPage GeoCoordinates ImageObject ListItem Person PostalAddress Question Thing WebPage WebSite,523,100,,,not checked (no backlink export available),CREATE,Section 28
/solutions/design-system-scaling/,solutions/design-system-scaling/index.html,yes,yes,yes,Scaling a Design System Across Products & Teams | Designit,58,155,Scale a design system across products and teams,Answer BreadcrumbList ContactPoint Country FAQPage GeoCoordinates ImageObject ListItem Person PostalAddress Question Thing WebPage WebSite,568,100,,,not checked (no backlink export available),CREATE,Section 28
/solutions/legacy-product-modernization/,solutions/legacy-product-modernization/index.html,yes,yes,yes,Legacy Product UX Modernization for Enterprise | Designit,57,157,Modernise a legacy product without stopping the business,Answer BreadcrumbList ContactPoint Country FAQPage GeoCoordinates ImageObject ListItem Person PostalAddress Question Thing WebPage WebSite,490,100,,,not checked (no backlink export available),CREATE,Section 28
/solutions/mvp-design/,solutions/mvp-design/index.html,yes,yes,yes,MVP Design for Startups: Discovery to Launch | Designit,55,154,MVP design: launch the smallest product that proves the point,Answer BreadcrumbList ContactPoint Country FAQPage GeoCoordinates ImageObject ListItem Person PostalAddress Question Thing WebPage WebSite,682,100,,,not checked (no backlink export available),CREATE,Section 28
/solutions/product-redesign/,solutions/product-redesign/index.html,yes,yes,yes,Product Redesign: Fix Adoption Without a Rebuild | Designit,59,160,Product redesign without breaking what already works,Answer BreadcrumbList ContactPoint Country FAQPage GeoCoordinates ImageObject ListItem Person PostalAddress Question Thing WebPage WebSite,645,100,,,not checked (no backlink export available),CREATE,Section 28
/start-a-project/,start-a-project/index.html,yes,yes,yes,Start a Project: Product Scope & Fit Assessment | Designit,58,157,Tell us what isn't working,Answer BreadcrumbList ContactPoint Country FAQPage GeoCoordinates ImageObject ListItem Person PostalAddress Question WebPage WebSite,489,106,,,not checked (no backlink export available),CREATE,Section 90: qualification flow
/terms/,terms.html,no,no,yes,Terms & Conditions | Designit,29,134,Terms & Conditions,Answer ContactPoint Country FAQPage GeoCoordinates ImageObject Person PostalAddress Question WebPage WebSite,1915,99,,,not checked (no backlink export available),KEEP noindex*,"Legal page, intentionally noindex"
/ui-ux-design-agency-uk/,ui-ux-design-agency-uk/index.html,yes,yes,yes,UI/UX Design Agency for UK Software Teams | Designit,52,148,"A senior design partner for UK software teams, in your working day",Answer BreadcrumbList ContactPoint Country FAQPage GeoCoordinates ImageObject ListItem Person PostalAddress Question Thing WebPage WebSite,616,1,37.4,,not checked (no backlink export available),KEEP + REWRITE,Position 37.4
/ui-ux-design-agency-usa/,ui-ux-design-agency-usa/index.html,yes,yes,yes,UI/UX Design Agency for US Software Companies | Designit,56,159,A senior design team for US software companies,Answer BreadcrumbList ContactPoint Country FAQPage GeoCoordinates ImageObject ListItem Person PostalAddress Question Thing WebPage WebSite,743,1,22.76,,not checked (no backlink export available),KEEP + REWRITE,Position 22.76
/ux-design-agency-dubai/,ux-design-agency-dubai/index.html,yes,yes,yes,UX Design Agency for Dubai & the UAE: Arabic RTL | Designit,59,155,"A UX design partner for the UAE, with the work to prove it",Answer BreadcrumbList ContactPoint Country FAQPage GeoCoordinates ImageObject ListItem Person PostalAddress Question Thing WebPage WebSite,608,5,,,not checked (no backlink export available),KEEP + REWRITE,Existing impressions but weak ranking
/work,vercel.json,no,redirect,,,,,,,,,,,,REDIRECT (exists),-> /projects/ (permanent)
/work/,vercel.json,no,redirect,,,,,,,,,,,,REDIRECT (exists),-> /projects/ (permanent)
/industries/proptech,vercel.json,no,redirect,,,,,,,,,,,,REDIRECT (exists),-> /industries/real-estate/ (permanent)
/industries/proptech/,vercel.json,no,redirect,,,,,,,,,,,,REDIRECT (exists),-> /industries/real-estate/ (permanent)
/industries/ecommerce,vercel.json,no,redirect,,,,,,,,,,,,REDIRECT (exists),-> /industries/e-commerce/ (permanent)
/industries/ecommerce/,vercel.json,no,redirect,,,,,,,,,,,,REDIRECT (exists),-> /industries/e-commerce/ (permanent)
/locations/usa,vercel.json,no,redirect,,,,,,,,,,,,REDIRECT (exists),-> /ui-ux-design-agency-usa/ (permanent)
/locations/usa/,vercel.json,no,redirect,,,,,,,,,,,,REDIRECT (exists),-> /ui-ux-design-agency-usa/ (permanent)
/locations/uk,vercel.json,no,redirect,,,,,,,,,,,,REDIRECT (exists),-> /ui-ux-design-agency-uk/ (permanent)
/locations/uk/,vercel.json,no,redirect,,,,,,,,,,,,REDIRECT (exists),-> /ui-ux-design-agency-uk/ (permanent)
/locations/uae,vercel.json,no,redirect,,,,,,,,,,,,REDIRECT (exists),-> /ux-design-agency-dubai/ (permanent)
/locations/uae/,vercel.json,no,redirect,,,,,,,,,,,,REDIRECT (exists),-> /ux-design-agency-dubai/ (permanent)
/locations/india,vercel.json,no,redirect,,,,,,,,,,,,REDIRECT (exists),-> /locations/ (permanent)
/locations/india/,vercel.json,no,redirect,,,,,,,,,,,,REDIRECT (exists),-> /locations/ (permanent)
/pricing,vercel.json,no,redirect,,,,,,,,,,,,REDIRECT (exists),-> / (permanent)
/project-detail,vercel.json,no,redirect,,,,,,,,,,,,REDIRECT (exists),-> /projects/adda247/ (permanent)
/project-detail/,vercel.json,no,redirect,,,,,,,,,,,,REDIRECT (exists),-> /projects/adda247/ (permanent)
/pricing/,vercel.json,no,redirect,,,,,,,,,,,,REDIRECT (exists),-> / (permanent)
/pricing.html,vercel.json,no,redirect,,,,,,,,,,,,REDIRECT (exists),-> / (permanent)
/blog.html,vercel.json,no,redirect,,,,,,,,,,,,REDIRECT (exists),-> /blog/ (permanent)
/blog-detail.html,vercel.json,no,redirect,,,,,,,,,,,,REDIRECT (exists),-> /blog/ (permanent)
/about-designit,vercel.json,no,redirect,,,,,,,,,,,,REDIRECT (exists),-> /about/ (permanent)
/about-designit/,vercel.json,no,redirect,,,,,,,,,,,,REDIRECT (exists),-> /about/ (permanent)
/about-designit.html,vercel.json,no,redirect,,,,,,,,,,,,REDIRECT (exists),-> /about/ (permanent)
/projects/rcentric/ela/orla-infinity.html,vercel.json,no,redirect,,,,,,,,,,,,REDIRECT (exists),-> /projects/rcentric/orla-infinity/ (permanent)
/projects/rcentric/ela/orla-infinity,vercel.json,no,redirect,,,,,,,,,,,,REDIRECT (exists),-> /projects/rcentric/orla-infinity/ (permanent)
/projects/rcentric/ela/orla-infinity/,vercel.json,no,redirect,,,,,,,,,,,,REDIRECT (exists),-> /projects/rcentric/orla-infinity/ (permanent)
/projects/adda247/studio-app/my-content.html,vercel.json,no,redirect,,,,,,,,,,,,REDIRECT (exists),-> /projects/adda247/my-content/ (permanent)
/projects/adda247/studio-app/my-content,vercel.json,no,redirect,,,,,,,,,,,,REDIRECT (exists),-> /projects/adda247/my-content/ (permanent)
/projects/adda247/studio-app/my-content/,vercel.json,no,redirect,,,,,,,,,,,,REDIRECT (exists),-> /projects/adda247/my-content/ (permanent)
/projects/adda247/my-content/studio-app.html,vercel.json,no,redirect,,,,,,,,,,,,REDIRECT (exists),-> /projects/adda247/studio-app/ (permanent)
/projects/adda247/my-content/studio-app,vercel.json,no,redirect,,,,,,,,,,,,REDIRECT (exists),-> /projects/adda247/studio-app/ (permanent)
/projects/adda247/my-content/studio-app/,vercel.json,no,redirect,,,,,,,,,,,,REDIRECT (exists),-> /projects/adda247/studio-app/ (permanent)
/projects/rcentric/opus/ela.html,vercel.json,no,redirect,,,,,,,,,,,,REDIRECT (exists),-> /projects/rcentric/ela/ (permanent)
/projects/rcentric/opus/ela,vercel.json,no,redirect,,,,,,,,,,,,REDIRECT (exists),-> /projects/rcentric/ela/ (permanent)
/projects/rcentric/opus/ela/,vercel.json,no,redirect,,,,,,,,,,,,REDIRECT (exists),-> /projects/rcentric/ela/ (permanent)
