prompt_id,category,prompt,source,target_url,date,model_or_engine,designit_mentioned,designit_url_cited,cited_designit_url,competitors_mentioned,competitor_urls_cited,citation_context,notes
P001,Product design,Who can help redesign a B2B SaaS product?,blueprint section 85 (verbatim),/services/saas-product-design/,,,,,,,,,
P002,Product design,How do I choose a product design agency?,blueprint section 85 (verbatim),/blog/how-to-choose-a-product-design-agency/,,,,,,,,,
P003,Product design,What does an end-to-end product design engagement include?,blueprint section 85 (verbatim),/services/product-design/,,,,,,,,,
P004,SaaS,How should I improve SaaS onboarding?,blueprint section 85 (verbatim),/blog/saas-onboarding-ux-best-practices-india/,,,,,,,,,
P005,SaaS,How do I redesign a complex SaaS dashboard?,blueprint section 85 (verbatim),/blog/saas-dashboard-design-best-practices/,,,,,,,,,
P006,SaaS,Who provides B2B SaaS UX design?,blueprint section 85 (verbatim),/industries/b2b-saas/,,,,,,,,,
P007,UX audit,What does a UX audit include?,blueprint section 85 (verbatim),/services/ux-audit/,,,,,,,,,
P008,UX audit,What is the difference between UX research and a UX audit?,blueprint section 85 (verbatim),/services/ux-audit/,,,,,,,,,
P009,UX audit,How much does a SaaS UX audit cost?,blueprint section 85 (verbatim),/services/ux-audit/,,,,,,,,,
P010,AI,How should startups design AI products?,blueprint section 85 (verbatim),/services/ai-product-design/,,,,,,,,,
P011,AI,What are good UX patterns for AI agents?,blueprint section 85 (verbatim),/services/ai-product-design/,,,,,,,,,
P012,AI,How should AI interfaces handle uncertainty?,blueprint section 85 (verbatim),/services/ai-product-design/,,,,,,,,,
P013,Website,How do I redesign a B2B SaaS website?,blueprint section 85 (verbatim),/services/website-design/,,,,,,,,,
P014,Website,What makes a technology website convert?,blueprint section 85 (verbatim),/services/website-design/,,,,,,,,,
P015,Website,How much does a website redesign cost?,blueprint section 85 (verbatim),/services/website-design/,,,,,,,,,
P016,Branding,How much does startup branding cost?,blueprint section 85 (verbatim),/services/branding/,,,,,,,,,
P017,Branding,How should a B2B SaaS company approach rebranding?,blueprint section 85 (verbatim),/services/branding/,,,,,,,,,
P018,Branding,What should a technology startup include in its brand system?,blueprint section 85 (verbatim),/services/branding/,,,,,,,,,
P019,Problem authority,How do I redesign a complex SaaS product?,blueprint section 84,/solutions/product-redesign/,,,,,,,,,
P020,Problem authority,How do I reduce onboarding friction?,blueprint section 84,/blog/saas-onboarding-ux-best-practices-india/,,,,,,,,,
P021,Problem authority,How do I audit UX?,blueprint section 84,/services/ux-audit/,,,,,,,,,
P022,Problem authority,How do I modernize a legacy product?,blueprint section 84,/solutions/legacy-product-modernization/,,,,,,,,,
P023,Problem authority,How do I build a scalable design system?,blueprint section 84,/solutions/design-system-scaling/,,,,,,,,,
P024,Problem authority,How should I design an AI product?,blueprint section 84,/services/ai-product-design/,,,,,,,,,
P025,Problem authority,How much should product design cost?,blueprint section 84,/services/product-design/,,,,,,,,,
P026,Problem authority,How do I choose a product design partner?,blueprint section 84,/blog/how-to-choose-a-product-design-agency/,,,,,,,,,
P027,AI agents,How does an AI agent communicate state?,blueprint section 10B,/services/ai-product-design/,,,,,,,,,
P028,AI agents,How should users approve an AI agent's action?,blueprint section 10B,/services/ai-product-design/,,,,,,,,,
P029,AI agents,How much autonomy should an AI agent have?,blueprint section 10B,/services/ai-product-design/,,,,,,,,,
P030,AI agents,What happens when an AI agent fails?,blueprint section 10B,/services/ai-product-design/,,,,,,,,,
P031,AI agents,How do users recover from AI mistakes?,blueprint section 10B,/services/ai-product-design/,,,,,,,,,
P032,AI agents,How should AI explain uncertainty?,blueprint section 10B,/services/ai-product-design/,,,,,,,,,
P033,AI agents,How do you design human handoff in an AI product?,blueprint section 10B,/services/ai-product-design/,,,,,,,,,
P034,AI agents,How should AI agent permissions work?,blueprint section 10B,/services/ai-product-design/,,,,,,,,,
P035,Brand / entity,What is Designit (designit.co.in)?,entity check (section 109 module A),/,,,,,,,,,
P036,Brand / entity,Is designit.co.in the same company as Designit owned by Wipro?,entity check (section 109 module A),/about/,,,,,,,,,
P037,Brand / entity,Who founded Designit studio in Noida?,entity check (section 109 module A),/about/,,,,,,,,,
P038,Brand / entity,What case studies has Designit published?,entity check (section 109 module A),/projects/,,,,,,,,,
P039,Industry,What do AI startups get wrong about product design?,page aiAnswerTargets,/industries/ai/,,,,,,,,,
P040,Industry,How should AI SaaS products onboard users?,page aiAnswerTargets,/industries/ai/,,,,,,,,,
P041,Industry,How do you design for driver distraction?,page aiAnswerTargets,/industries/automotive/,,,,,,,,,
P042,Industry,What is glance duration in HMI design?,page aiAnswerTargets,/industries/automotive/,,,,,,,,,
P043,Industry,Why do SaaS products become difficult to use?,page aiAnswerTargets,/industries/b2b-saas/,,,,,,,,,
P044,Industry,What makes B2B SaaS design different?,page aiAnswerTargets,/industries/b2b-saas/,,,,,,,,,
P045,Industry,Which SaaS metrics does design move?,page aiAnswerTargets,/industries/b2b-saas/,,,,,,,,,
P046,Industry,What has the biggest impact on e-commerce conversion?,page aiAnswerTargets,/industries/e-commerce/,,,,,,,,,
P047,Industry,How do you reduce checkout abandonment?,page aiAnswerTargets,/industries/e-commerce/,,,,,,,,,
P048,Industry,What improves course completion rates?,page aiAnswerTargets,/industries/edtech/,,,,,,,,,
P049,Industry,How do you design assessment interfaces learners trust?,page aiAnswerTargets,/industries/edtech/,,,,,,,,,
P050,Industry,How do you design for low-end devices?,page aiAnswerTargets,/industries/edtech/,,,,,,,,,
P051,Industry,How do you reduce KYC drop-off?,page aiAnswerTargets,/industries/fintech/,,,,,,,,,
P052,Industry,How do you design trust into a fintech app?,page aiAnswerTargets,/industries/fintech/,,,,,,,,,
P053,Industry,Can you design Arabic RTL fintech flows?,page aiAnswerTargets,/industries/fintech/,,,,,,,,,
P054,Industry,How do you increase qualified property enquiries?,page aiAnswerTargets,/industries/real-estate/,,,,,,,,,
P055,Industry,How do you design Arabic RTL property websites?,page aiAnswerTargets,/industries/real-estate/,,,,,,,,,
P056,Service,What should a startup branding package include?,page aiAnswerTargets,/services/branding/,,,,,,,,,
P057,Service,What causes conversion friction?,page aiAnswerTargets,/services/conversion-optimization/,,,,,,,,,
P058,Service,How does UX affect conversion rate?,page aiAnswerTargets,/services/conversion-optimization/,,,,,,,,,
P059,Service,How do you improve SaaS trial-to-paid conversion?,page aiAnswerTargets,/services/conversion-optimization/,,,,,,,,,
P060,Service,What is UX-led CRO?,page aiAnswerTargets,/services/conversion-optimization/,,,,,,,,,
P061,Service,When do you need a design system?,page aiAnswerTargets,/services/design-systems/,,,,,,,,,
P062,Service,What is included in a design system?,page aiAnswerTargets,/services/design-systems/,,,,,,,,,
P063,Service,How long does it take to build a design system?,page aiAnswerTargets,/services/design-systems/,,,,,,,,,
P064,Service,How do you get engineers to adopt a design system?,page aiAnswerTargets,/services/design-systems/,,,,,,,,,
P065,Service,How do you design a mobile app for iOS and Android?,page aiAnswerTargets,/services/mobile-app-design/,,,,,,,,,
P066,Service,Should iOS and Android apps look the same?,page aiAnswerTargets,/services/mobile-app-design/,,,,,,,,,
P067,Service,How much does mobile app design cost?,page aiAnswerTargets,/services/mobile-app-design/,,,,,,,,,
P068,Service,What does a product design agency do?,page aiAnswerTargets,/services/product-design/,,,,,,,,,
P069,Service,When should you hire a product design partner?,page aiAnswerTargets,/services/product-design/,,,,,,,,,
P070,Service,What is product discovery?,page aiAnswerTargets,/services/product-design/,,,,,,,,,
P071,Service,How much does product design cost?,page aiAnswerTargets,/services/product-design/,,,,,,,,,
P072,Service,What is the difference between product design and UI/UX design?,page aiAnswerTargets,/services/product-design/,,,,,,,,,
P073,Service,What makes SaaS UX difficult?,page aiAnswerTargets,/services/saas-product-design/,,,,,,,,,
P074,Service,When does a SaaS product need a redesign?,page aiAnswerTargets,/services/saas-product-design/,,,,,,,,,
P075,Service,How long does a SaaS redesign take?,page aiAnswerTargets,/services/saas-product-design/,,,,,,,,,
P076,Service,How much does SaaS product design cost?,page aiAnswerTargets,/services/saas-product-design/,,,,,,,,,
P077,Service,What does a UI/UX design company do?,page aiAnswerTargets,/services/ui-ux-design/,,,,,,,,,
P078,Service,What is the difference between UI and UX design?,page aiAnswerTargets,/services/ui-ux-design/,,,,,,,,,
P079,Service,How do I choose a UI/UX design agency?,page aiAnswerTargets,/services/ui-ux-design/,,,,,,,,,
P080,Service,What is a UX audit?,page aiAnswerTargets,/services/ux-audit/,,,,,,,,,
P081,Service,How long does a UX audit take?,page aiAnswerTargets,/services/ux-audit/,,,,,,,,,
P082,Service,How much does a UX audit cost?,page aiAnswerTargets,/services/ux-audit/,,,,,,,,,
P083,Service,What is the difference between UX audit and usability testing?,page aiAnswerTargets,/services/ux-audit/,,,,,,,,,
P084,Service,When should product teams invest in UX research?,page aiAnswerTargets,/services/ux-research/,,,,,,,,,
P085,Service,What UX research methods are there?,page aiAnswerTargets,/services/ux-research/,,,,,,,,,
P086,Service,How many users do you need to interview?,page aiAnswerTargets,/services/ux-research/,,,,,,,,,
P087,Service,What does UX research cost?,page aiAnswerTargets,/services/ux-research/,,,,,,,,,
P088,Service,How do I redesign a website?,page aiAnswerTargets,/services/website-design/,,,,,,,,,
P089,Service,How do you redesign a website without losing SEO?,page aiAnswerTargets,/services/website-design/,,,,,,,,,
P090,Solution,How do I improve my website conversion rate?,page aiAnswerTargets,/solutions/conversion-improvement/,,,,,,,,,
P091,Solution,Why is my SaaS trial-to-paid conversion low?,page aiAnswerTargets,/solutions/conversion-improvement/,,,,,,,,,
P092,Solution,Is low conversion a traffic or UX problem?,page aiAnswerTargets,/solutions/conversion-improvement/,,,,,,,,,
P093,Solution,How do you scale a design system?,page aiAnswerTargets,/solutions/design-system-scaling/,,,,,,,,,
P094,Solution,What is design system governance?,page aiAnswerTargets,/solutions/design-system-scaling/,,,,,,,,,
P095,Solution,How do you theme a design system for multiple brands?,page aiAnswerTargets,/solutions/design-system-scaling/,,,,,,,,,
P096,Solution,How do you modernize a legacy product's UX?,page aiAnswerTargets,/solutions/legacy-product-modernization/,,,,,,,,,
P097,Solution,How do you redesign enterprise software without disrupting users?,page aiAnswerTargets,/solutions/legacy-product-modernization/,,,,,,,,,
P098,Solution,What should an MVP include?,page aiAnswerTargets,/solutions/mvp-design/,,,,,,,,,
P099,Solution,How do you design an MVP?,page aiAnswerTargets,/solutions/mvp-design/,,,,,,,,,
P100,Solution,How long does MVP design take?,page aiAnswerTargets,/solutions/mvp-design/,,,,,,,,,
P101,Solution,When does a product need a redesign?,page aiAnswerTargets,/solutions/product-redesign/,,,,,,,,,
P102,Solution,How do you redesign a SaaS product?,page aiAnswerTargets,/solutions/product-redesign/,,,,,,,,,
P103,Solution,How long does a product redesign take?,page aiAnswerTargets,/solutions/product-redesign/,,,,,,,,,
