url,change,main_title,staging_title,main_h1,staging_h1,main_in_sitemap,staging_in_sitemap,canonical_main,canonical_staging,redirect_target,gsc_position_sep2026,backlinks,staging_action,owner,status
/,"same URL, changed: title, h1",UI/UX Design Agency India | SaaS Product Design — Designit,Product & UI/UX Design Agency in India for SaaS | Designit,Design Backed by Research. Growth Backed by Design.,Product design for complex digital products,yes,yes,yes,yes,,,not checked (owner: export before merge),REWRITE,Designit (Sahil),"staging, awaiting approval"
/404/,unchanged,404 — Page Not Found | Designit,404 — Page Not Found | Designit,Page Not Found,Page Not Found,no,no,none,none,,,not checked (owner: export before merge),KEEP (not indexable)*,Designit (Sahil),"staging, awaiting approval"
/about-designit,redirect (unchanged),,,,,no,no,,,/about/,,not checked (owner: export before merge),REDIRECT (exists),Designit (Sahil),"staging, awaiting approval"
/about-designit.html,redirect (unchanged),,,,,no,no,,,/about/,,not checked (owner: export before merge),REDIRECT (exists),Designit (Sahil),"staging, awaiting approval"
/about-designit/,redirect (unchanged),,,,,no,no,,,/about/,,not checked (owner: export before merge),REDIRECT (exists),Designit (Sahil),"staging, awaiting approval"
/about/,unchanged,About Designit — Research-Led Product Design Studio,About Designit — Research-Led Product Design Studio,Research First. Design That Drives Growth.,Research First. Design That Drives Growth.,yes,yes,yes,yes,,,not checked (owner: export before merge),KEEP for now,Designit (Sahil),"staging, awaiting approval"
/blog-detail.html,redirect (unchanged),,,,,no,no,,,/blog/,,not checked (owner: export before merge),REDIRECT (exists),Designit (Sahil),"staging, awaiting approval"
/blog.html,redirect (unchanged),,,,,no,no,,,/blog/,,not checked (owner: export before merge),REDIRECT (exists),Designit (Sahil),"staging, awaiting approval"
/blog/,unchanged,Blog | Designit — UI/UX Insights for Startup Founders,Blog | Designit — UI/UX Insights for Startup Founders,Insights for Founders Who Ship.,Insights for Founders Who Ship.,yes,yes,yes,yes,,,not checked (owner: export before merge),KEEP,Designit (Sahil),"staging, awaiting approval"
/blog/ai-driven-website-design-services-india/,unchanged,AI-Driven Website Design Services in India | Designit,AI-Driven Website Design Services in India | Designit,AI-Driven Website Design Services: The Next Frontier for Indian Businesses,AI-Driven Website Design Services: The Next Frontier for Indian Businesses,yes,yes,yes,yes,,,not checked (owner: export before merge),KEEP*,Designit (Sahil),"staging, awaiting approval"
/blog/arabic-rtl-ux-design-proptech-uae/,unchanged,Arabic RTL UX Design for PropTech Apps: UAE Guide (2026),Arabic RTL UX Design for PropTech Apps: UAE Guide (2026),Arabic RTL UX Design for PropTech Apps: A Dubai Founder's Guide (2026),Arabic RTL UX Design for PropTech Apps: A Dubai Founder's Guide (2026),yes,yes,yes,yes,,,not checked (owner: export before merge),KEEP*,Designit (Sahil),"staging, awaiting approval"
/blog/b2b-saas-ui-ux-design-services-india/,unchanged,B2B SaaS UI/UX Design Services in India: 2026 Guide,B2B SaaS UI/UX Design Services in India: 2026 Guide,The Ultimate Guide to B2B SaaS UI/UX Design Services in India,The Ultimate Guide to B2B SaaS UI/UX Design Services in India,yes,yes,yes,yes,,20.47,not checked (owner: export before merge),UPDATE + EXPAND,Designit (Sahil),"staging, awaiting approval"
/blog/b2b-website-redesign-services-india/,unchanged,B2B Website Redesign for Startups in India | Designit,B2B Website Redesign for Startups in India | Designit,B2B Website Redesign: When and Why Indian Startups Need It,B2B Website Redesign: When and Why Indian Startups Need It,yes,yes,yes,yes,,,not checked (owner: export before merge),KEEP*,Designit (Sahil),"staging, awaiting approval"
/blog/best-ai-tools-ui-ux-designers-2026/,unchanged,Best AI Tools for UI/UX Designers (2026) | Designit,Best AI Tools for UI/UX Designers (2026) | Designit,Best AI Tools for UI/UX Designers in 2026,Best AI Tools for UI/UX Designers in 2026,yes,yes,yes,yes,,,not checked (owner: export before merge),KEEP*,Designit (Sahil),"staging, awaiting approval"
/blog/best-branding-agency-tech-startups-india/,unchanged,Best Branding Agency for Tech Startups India | Designit,Best Branding Agency for Tech Startups India | Designit,How to Choose the Best Branding Agency for Tech Startups in India,How to Choose the Best Branding Agency for Tech Startups in India,yes,yes,yes,yes,,21.36,not checked (owner: export before merge),KEEP + EXPAND,Designit (Sahil),"staging, awaiting approval"
/blog/branding-services-for-startups-india-cost/,unchanged,Branding Services for Startups in India: Cost & ROI,Branding Services for Startups in India: Cost & ROI,A Breakdown of Branding Services for Startups in India & Their Costs,A Breakdown of Branding Services for Startups in India & Their Costs,yes,yes,yes,yes,,14.17,not checked (owner: export before merge),KEEP + EXPAND,Designit (Sahil),"staging, awaiting approval"
/blog/cost-ui-ux-design-mobile-app-india/,unchanged,Mobile App UI/UX Design Cost in India (2026) | Designit,Mobile App UI/UX Design Cost in India (2026) | Designit,How Much Does UI/UX Design Cost for a Mobile App in India (2026)?,How Much Does UI/UX Design Cost for a Mobile App in India (2026)?,yes,yes,yes,yes,,10.06,not checked (owner: export before merge),KEEP + EXPAND,Designit (Sahil),"staging, awaiting approval"
/blog/cro-strategies-for-b2b-saas-india/,unchanged,CRO Strategies for B2B SaaS Companies in India,CRO Strategies for B2B SaaS Companies in India,Top CRO Strategies for B2B SaaS Companies in India,Top CRO Strategies for B2B SaaS Companies in India,yes,yes,yes,yes,,17.67,not checked (owner: export before merge),UPDATE + EXPAND,Designit (Sahil),"staging, awaiting approval"
/blog/custom-website-vs-template-roi-india/,unchanged,Custom Website vs Template: ROI in India | Designit,Custom Website vs Template: ROI in India | Designit,Custom Website vs. Template: What’s the ROI for Indian Small Businesses?,Custom Website vs. Template: What’s the ROI for Indian Small Businesses?,yes,yes,yes,yes,,,not checked (owner: export before merge),KEEP*,Designit (Sahil),"staging, awaiting approval"
/blog/design-system-cost-india-2026/,unchanged,Design System Cost in India (2026 Guide) | Designit,Design System Cost in India (2026 Guide) | Designit,How Much Does a Design System Cost in India? (2026 Guide),How Much Does a Design System Cost in India? (2026 Guide),yes,yes,yes,yes,,,not checked (owner: export before merge),KEEP*,Designit (Sahil),"staging, awaiting approval"
/blog/edtech-onboarding-ux-india/,unchanged,EdTech Onboarding UX India: Fix the Day-7 Drop-Off,EdTech Onboarding UX India: Fix the Day-7 Drop-Off,EdTech Onboarding UX in India: Fixing the Day-7 Drop-Off,EdTech Onboarding UX in India: Fixing the Day-7 Drop-Off,yes,yes,yes,yes,,,not checked (owner: export before merge),KEEP*,Designit (Sahil),"staging, awaiting approval"
/blog/edtech-ux-design-agency-india/,unchanged,Choosing an EdTech UX Design Agency in India | Designit,Choosing an EdTech UX Design Agency in India | Designit,How to Choose an EdTech UX Design Agency in India,How to Choose an EdTech UX Design Agency in India,yes,yes,yes,yes,,,not checked (owner: export before merge),KEEP*,Designit (Sahil),"staging, awaiting approval"
/blog/edtech-ux-design-india/,unchanged,EdTech UX Design: What Drives Retention (2026),EdTech UX Design: What Drives Retention (2026),"UX Design for EdTech Startups in India: What Drives Enrolment, Retention, and Revenue","UX Design for EdTech Startups in India: What Drives Enrolment, Retention, and Revenue",yes,yes,yes,yes,,5.62,not checked (owner: export before merge),KEEP + REFRESH,Designit (Sahil),"staging, awaiting approval"
/blog/fintech-onboarding-kyc-ux-india/,unchanged,Fintech KYC Onboarding UX India: Fix Drop-Off,Fintech KYC Onboarding UX India: Fix Drop-Off,Fintech KYC Onboarding UX in India: Why Users Drop Off (And How to Fix It),Fintech KYC Onboarding UX in India: Why Users Drop Off (And How to Fix It),yes,yes,yes,yes,,5.93,not checked (owner: export before merge),KEEP + REFRESH,Designit (Sahil),"staging, awaiting approval"
/blog/fintech-ux-design-agency-india/,unchanged,Fintech UX Design Agency India (2026 Guide) | Designit,Fintech UX Design Agency India (2026 Guide) | Designit,Fintech UX Design in India: The 2026 Trust-First Playbook,Fintech UX Design in India: The 2026 Trust-First Playbook,yes,yes,yes,yes,,6.75,not checked (owner: export before merge),KEEP + EXPAND,Designit (Sahil),"staging, awaiting approval"
/blog/freelancer-vs-design-agency-startups/,unchanged,Freelancer vs Design Agency for Startups | Designit,Freelancer vs Design Agency for Startups | Designit,Freelancer vs Design Agency: Which Is Right for Your Startup?,Freelancer vs Design Agency: Which Is Right for Your Startup?,yes,yes,yes,yes,,,not checked (owner: export before merge),KEEP*,Designit (Sahil),"staging, awaiting approval"
/blog/generative-ai-website-personalization/,unchanged,Generative AI for Website Personalization & CRO | Designit,Generative AI for Website Personalization & CRO | Designit,Using Generative AI to Improve Website Personalization and Conversion Rates,Using Generative AI to Improve Website Personalization and Conversion Rates,yes,yes,yes,yes,,,not checked (owner: export before merge),KEEP*,Designit (Sahil),"staging, awaiting approval"
/blog/hire-ui-ux-designer-vs-agency-india/,unchanged,Hire UI/UX Designer vs Agency in India | Designit,Hire UI/UX Designer vs Agency in India | Designit,Hire UI/UX Designer vs. Agency for Startups in India: Which is Better?,Hire UI/UX Designer vs. Agency for Startups in India: Which is Better?,yes,yes,yes,yes,,9.7,not checked (owner: export before merge),KEEP + EXPAND,Designit (Sahil),"staging, awaiting approval"
/blog/how-ai-is-changing-ux-design-india/,unchanged,How AI is Changing UX Design in India (2026) | Designit,How AI is Changing UX Design in India (2026) | Designit,How AI is Changing UX Design for Startups in India,How AI is Changing UX Design for Startups in India,yes,yes,yes,yes,,8,not checked (owner: export before merge),KEEP + REFRESH,Designit (Sahil),"staging, awaiting approval"
/blog/how-to-choose-a-product-design-agency/,unchanged,How to Choose a Product Design Agency (2026) | Designit,How to Choose a Product Design Agency (2026) | Designit,How to choose a product design agency.,How to choose a product design agency.,yes,yes,yes,yes,,19,not checked (owner: export before merge),UPDATE + EXPAND,Designit (Sahil),"staging, awaiting approval"
/blog/how-to-improve-website-conversion-rate-india/,unchanged,How to Improve Website Conversion Rate in India | Designit,How to Improve Website Conversion Rate in India | Designit,How to Improve Your Website Conversion Rate in India (Step-by-Step),How to Improve Your Website Conversion Rate in India (Step-by-Step),yes,yes,yes,yes,,47.35,not checked (owner: export before merge),UPDATE + REPOSITION,Designit (Sahil),"staging, awaiting approval"
/blog/landing-page-conversion-audit-services-india/,unchanged,Landing Page Conversion Audit Services in India | Designit,Landing Page Conversion Audit Services in India | Designit,Landing Page Conversion Audit Services: What They Are and Why You Need One,Landing Page Conversion Audit Services: What They Are and Why You Need One,yes,yes,yes,yes,,,not checked (owner: export before merge),KEEP*,Designit (Sahil),"staging, awaiting approval"
/blog/landing-page-design-lead-generation-india/,unchanged,Landing Page Design for Lead Generation India | Designit,Landing Page Design for Lead Generation India | Designit,Landing Page Design Secrets for Maximum Lead Generation in India,Landing Page Design Secrets for Maximum Lead Generation in India,yes,yes,yes,yes,,,not checked (owner: export before merge),KEEP*,Designit (Sahil),"staging, awaiting approval"
/blog/saas-dashboard-design-best-practices/,unchanged,SaaS Dashboard Design Best Practices to Cut Churn,SaaS Dashboard Design Best Practices to Cut Churn,SaaS Dashboard Design: 7 Best Practices That Reduce Churn,SaaS Dashboard Design: 7 Best Practices That Reduce Churn,yes,yes,yes,yes,,7.44,not checked (owner: export before merge),KEEP + EXPAND,Designit (Sahil),"staging, awaiting approval"
/blog/saas-onboarding-ux-best-practices-india/,unchanged,SaaS Onboarding UX Best Practices | Designit,SaaS Onboarding UX Best Practices | Designit,SaaS Onboarding UX Best Practices That Reduce Drop-Off (India 2026),SaaS Onboarding UX Best Practices That Reduce Drop-Off (India 2026),yes,yes,yes,yes,,11.38,not checked (owner: export before merge),UPDATE + EXPAND,Designit (Sahil),"staging, awaiting approval"
/blog/signs-your-company-needs-a-rebrand-india/,unchanged,Signs Your Tech Startup Needs a Rebrand in India | Designit,Signs Your Tech Startup Needs a Rebrand in India | Designit,Signs Your Tech Startup Desperately Needs a Rebrand in 2026,Signs Your Tech Startup Desperately Needs a Rebrand in 2026,yes,yes,yes,yes,,,not checked (owner: export before merge),KEEP*,Designit (Sahil),"staging, awaiting approval"
/blog/ui-ux-audit-for-website-india/,unchanged,"What a UI/UX Website Audit Covers (India, 2026)","What a UI/UX Website Audit Covers (India, 2026)",What to Expect from a Professional UI/UX Audit for Your Website in India,What to Expect from a Professional UI/UX Audit for Your Website in India,yes,yes,yes,yes,,,not checked (owner: export before merge),KEEP*,Designit (Sahil),"staging, awaiting approval"
/blog/ui-ux-design-agency-dubai-proptech/,unchanged,UX for Dubai PropTech: 2026 Playbook | Designit,UX for Dubai PropTech: 2026 Playbook | Designit,UI/UX Design for UAE PropTech: The 2026 Playbook,UI/UX Design for UAE PropTech: The 2026 Playbook,yes,yes,yes,yes,,,not checked (owner: export before merge),KEEP + EXPAND,Designit (Sahil),"staging, awaiting approval"
/blog/ui-ux-design-pricing-india-2026/,unchanged,UI/UX Design Cost in India 2026: Pricing Guide,UI/UX Design Cost in India 2026: Pricing Guide,How Much Does UI/UX Design Cost in India? (2026 Honest Guide),How Much Does UI/UX Design Cost in India? (2026 Honest Guide),yes,yes,yes,yes,,,not checked (owner: export before merge),KEEP*,Designit (Sahil),"staging, awaiting approval"
/blog/ux-audit-checklist/,unchanged,UX Audit Checklist for SaaS Products and Websites,UX Audit Checklist for SaaS Products and Websites,"UX Audit Checklist: What to Check, and in What Order","UX Audit Checklist: What to Check, and in What Order",yes,yes,yes,yes,,,not checked (owner: export before merge),KEEP*,Designit (Sahil),"staging, awaiting approval"
/blog/visual-identity-vs-branding-startups/,unchanged,Visual Identity vs Branding for Startups | Designit,Visual Identity vs Branding for Startups | Designit,Visual Identity vs. Branding: A Guide for Early-Stage Founders,Visual Identity vs. Branding: A Guide for Early-Stage Founders,yes,yes,yes,yes,,,not checked (owner: export before merge),KEEP*,Designit (Sahil),"staging, awaiting approval"
/blog/why-ecommerce-bounce-rate-so-high-india/,unchanged,Why is My Ecommerce Bounce Rate So High in India? | Designit,Why is My Ecommerce Bounce Rate So High in India? | Designit,Why is My Ecommerce Bounce Rate So High? (Indian Market Solutions),Why is My Ecommerce Bounce Rate So High? (Indian Market Solutions),yes,yes,yes,yes,,,not checked (owner: export before merge),KEEP*,Designit (Sahil),"staging, awaiting approval"
/blog/why-website-not-converting-visitors-india/,unchanged,Why Your Website Isn't Converting Visitors (India),Why Your Website Isn't Converting Visitors (India),Why Your Website is Not Converting Visitors (And How to Fix It in India),Why Your Website is Not Converting Visitors (And How to Fix It in India),yes,yes,yes,yes,,,not checked (owner: export before merge),KEEP*,Designit (Sahil),"staging, awaiting approval"
/careers/,unchanged,UI/UX Design Jobs India — Remote Design Careers at Designit,UI/UX Design Jobs India — Remote Design Careers at Designit,Where Craft and Culture Align,Where Craft and Culture Align,yes,yes,yes,yes,,,not checked (owner: export before merge),KEEP,Designit (Sahil),"staging, awaiting approval"
/contact/,unchanged,Contact Us — Designit | Let's Build Something Great Together,Contact Us — Designit | Let's Build Something Great Together,Let's Build Something Great Together,Let's Build Something Great Together,yes,yes,yes,yes,,,not checked (owner: export before merge),KEEP,Designit (Sahil),"staging, awaiting approval"
/industries/,"same URL, changed: title, h1",Industries We Design For — Designit,"Industries We Design For: SaaS, Fintech, EdTech | Designit",Design That Speaks Your Industry's Language,Industries we design for,yes,yes,yes,yes,,,not checked (owner: export before merge),KEEP + REWRITE,Designit (Sahil),"staging, awaiting approval"
/industries/ai/,NEW page,,Product Design for AI Startups & AI SaaS | Designit,,Product design for AI startups and AI-native software,,yes,,yes,,,not checked (owner: export before merge),CREATE,Designit (Sahil),"staging, awaiting approval"
/industries/automotive/,"same URL, changed: title, h1",Automotive HMI Design Agency — Infotainment UX | Designit,Automotive HMI Design Agency: Infotainment UX | Designit,In-car design where a second of attention is the budget.,In-car design where a second of attention is the budget,yes,yes,yes,yes,,,not checked (owner: export before merge),KEEP + EXPAND,Designit (Sahil),"staging, awaiting approval"
/industries/b2b-saas/,"same URL, changed: title, h1",B2B SaaS Design Agency — Dashboards & Retention | Designit,B2B SaaS Design Agency: Dashboards & Workflows | Designit,"B2B SaaS design, where usability is a retention metric.",B2B SaaS product design for complex workflows,yes,yes,yes,yes,,,not checked (owner: export before merge),KEEP + EXPAND,Designit (Sahil),"staging, awaiting approval"
/industries/e-commerce/,"same URL, changed: title, h1",E-Commerce UX Design Agency — Checkout & PDP | Designit,E-commerce UX Design Agency: PDP & Checkout | Designit,"E-commerce design judged on revenue per visitor, not aesthetics.","E-commerce design judged on revenue per visitor, not aesthetics",yes,yes,yes,yes,,,not checked (owner: export before merge),KEEP + EXPAND,Designit (Sahil),"staging, awaiting approval"
/industries/ecommerce,NEW redirect alias,,,,,,no,,,/industries/e-commerce/,,not checked (owner: export before merge),REDIRECT (exists),Designit (Sahil),"staging, awaiting approval"
/industries/ecommerce/,NEW redirect alias,,,,,,no,,,/industries/e-commerce/,,not checked (owner: export before merge),REDIRECT (exists),Designit (Sahil),"staging, awaiting approval"
/industries/edtech/,"same URL, changed: title, h1",EdTech UX Design Agency — Learning Platforms | Designit,EdTech UX Design Agency: Learning Platforms | Designit,"EdTech design measured by completion, not by enrolment.","EdTech design measured by completion, not by enrolment",yes,yes,yes,yes,,,not checked (owner: export before merge),KEEP + EXPAND*,Designit (Sahil),"staging, awaiting approval"
/industries/fintech/,"same URL, changed: title, h1",Fintech UX Design Agency — Payments & KYC | Designit,"Fintech UX Design Agency: KYC, Payments & Trust | Designit","Fintech design, where trust is a feature and regulation is a constraint.","Fintech design, where trust is a feature and regulation is a constraint",yes,yes,yes,yes,,,not checked (owner: export before merge),KEEP + EXPAND,Designit (Sahil),"staging, awaiting approval"
/industries/proptech,NEW redirect alias,,,,,,no,,,/industries/real-estate/,,not checked (owner: export before merge),REDIRECT (exists),Designit (Sahil),"staging, awaiting approval"
/industries/proptech/,NEW redirect alias,,,,,,no,,,/industries/real-estate/,,not checked (owner: export before merge),REDIRECT (exists),Designit (Sahil),"staging, awaiting approval"
/industries/real-estate/,"same URL, changed: h1",PropTech & Real Estate Design Agency | Designit,PropTech & Real Estate Design Agency | Designit,Property design where the website is the first viewing.,"PropTech and real estate design, where the website is the first viewing",yes,yes,yes,yes,,,not checked (owner: export before merge),KEEP + REPOSITION AS PROPTECH*,Designit (Sahil),"staging, awaiting approval"
/locations/,NEW page,,"Where We Work: India, USA, UK and UAE | Designit",,Where we work,,yes,,yes,,,not checked (owner: export before merge),CREATE,Designit (Sahil),"staging, awaiting approval"
/locations/india,NEW redirect alias,,,,,,no,,,/locations/,,not checked (owner: export before merge),REDIRECT (exists),Designit (Sahil),"staging, awaiting approval"
/locations/india/,NEW redirect alias,,,,,,no,,,/locations/,,not checked (owner: export before merge),REDIRECT (exists),Designit (Sahil),"staging, awaiting approval"
/locations/uae,NEW redirect alias,,,,,,no,,,/ux-design-agency-dubai/,,not checked (owner: export before merge),REDIRECT (exists),Designit (Sahil),"staging, awaiting approval"
/locations/uae/,NEW redirect alias,,,,,,no,,,/ux-design-agency-dubai/,,not checked (owner: export before merge),REDIRECT (exists),Designit (Sahil),"staging, awaiting approval"
/locations/uk,NEW redirect alias,,,,,,no,,,/ui-ux-design-agency-uk/,,not checked (owner: export before merge),REDIRECT (exists),Designit (Sahil),"staging, awaiting approval"
/locations/uk/,NEW redirect alias,,,,,,no,,,/ui-ux-design-agency-uk/,,not checked (owner: export before merge),REDIRECT (exists),Designit (Sahil),"staging, awaiting approval"
/locations/usa,NEW redirect alias,,,,,,no,,,/ui-ux-design-agency-usa/,,not checked (owner: export before merge),REDIRECT (exists),Designit (Sahil),"staging, awaiting approval"
/locations/usa/,NEW redirect alias,,,,,,no,,,/ui-ux-design-agency-usa/,,not checked (owner: export before merge),REDIRECT (exists),Designit (Sahil),"staging, awaiting approval"
/pricing,redirect (unchanged),,,,,no,no,,,/,,not checked (owner: export before merge),REDIRECT (exists),Designit (Sahil),"staging, awaiting approval"
/pricing.html,redirect (unchanged),,,,,no,no,,,/,,not checked (owner: export before merge),REDIRECT (exists),Designit (Sahil),"staging, awaiting approval"
/pricing/,redirect (unchanged),,,,,no,no,,,/,,not checked (owner: export before merge),REDIRECT (exists),Designit (Sahil),"staging, awaiting approval"
/privacy-policy/,unchanged,Privacy Policy — Designit | Research-Led Product Design Studio,Privacy Policy — Designit | Research-Led Product Design Studio,Privacy Policy,Privacy Policy,no,no,yes,yes,,,not checked (owner: export before merge),KEEP noindex*,Designit (Sahil),"staging, awaiting approval"
/project-detail,redirect (unchanged),,,,,no,no,,,/projects/adda247/,,not checked (owner: export before merge),REDIRECT (exists),Designit (Sahil),"staging, awaiting approval"
/project-detail/,redirect (unchanged),,,,,no,no,,,/projects/adda247/,,not checked (owner: export before merge),REDIRECT (exists),Designit (Sahil),"staging, awaiting approval"
/projects/,"same URL, changed: title, h1","UX Case Studies & Portfolio | Designit, Noida",Selected Product Design Work & Case Studies | Designit,Where Strategy Meets Measurable Impact,Selected product design work,yes,yes,yes,yes,,,not checked (owner: export before merge),KEEP + REWRITE,Designit (Sahil),"staging, awaiting approval"
/projects/adda247/,"same URL, changed: title, h1",Adda247 Case Study: EdTech App UX | Designit,Adda247 Case Study: EdTech Platform Redesign | Designit,Adda 247,Adda247: one coherent learning experience across a growing exam-prep platform,yes,yes,yes,yes,,,not checked (owner: export before merge),KEEP + EXPAND,Designit (Sahil),"staging, awaiting approval"
/projects/adda247/community/,unchanged,Community Module — Adda 247 | Designit Case Study,Community Module — Adda 247 | Designit Case Study,Community Module,Community Module,yes,yes,yes,yes,,,not checked (owner: export before merge),KEEP*,Designit (Sahil),"staging, awaiting approval"
/projects/adda247/homepage-revamp/,unchanged,Homepage Revamp — Adda247 | Designit Case Study,Homepage Revamp — Adda247 | Designit Case Study,Keeping ADDA Home Simple & Approachable,Keeping ADDA Home Simple & Approachable,yes,yes,yes,yes,,,not checked (owner: export before merge),"KEEP, review for consolidation later",Designit (Sahil),"staging, awaiting approval"
/projects/adda247/ios-app/,unchanged,iOS & iPad App — Adda 247 | Designit Case Study,iOS & iPad App — Adda 247 | Designit Case Study,iOS & iPad App,iOS & iPad App,yes,yes,yes,yes,,,not checked (owner: export before merge),KEEP,Designit (Sahil),"staging, awaiting approval"
/projects/adda247/live-class/,unchanged,Live Class Module — Adda 247 | Designit Case Study,Live Class Module — Adda 247 | Designit Case Study,Live Class Module,Live Class Module,yes,yes,yes,yes,,,not checked (owner: export before merge),KEEP,Designit (Sahil),"staging, awaiting approval"
/projects/adda247/my-content/,unchanged,My Content — Adda 247 | Designit Case Study,My Content — Adda 247 | Designit Case Study,My Content,My Content,yes,yes,yes,yes,,,not checked (owner: export before merge),KEEP*,Designit (Sahil),"staging, awaiting approval"
/projects/adda247/my-content/studio-app,redirect (unchanged),,,,,no,no,,,/projects/adda247/studio-app/,,not checked (owner: export before merge),REDIRECT (exists),Designit (Sahil),"staging, awaiting approval"
/projects/adda247/my-content/studio-app.html,redirect (unchanged),,,,,no,no,,,/projects/adda247/studio-app/,,not checked (owner: export before merge),REDIRECT (exists),Designit (Sahil),"staging, awaiting approval"
/projects/adda247/my-content/studio-app/,redirect (unchanged),,,,,no,no,,,/projects/adda247/studio-app/,,not checked (owner: export before merge),REDIRECT (exists),Designit (Sahil),"staging, awaiting approval"
/projects/adda247/performance-dashboard/,unchanged,Performance Dashboard — Adda 247 | Designit Case Study,Performance Dashboard — Adda 247 | Designit Case Study,Performance Dashboard,Performance Dashboard,yes,yes,yes,yes,,,not checked (owner: export before merge),KEEP*,Designit (Sahil),"staging, awaiting approval"
/projects/adda247/sankalp-bharat/,unchanged,Sankalp Bharat App — Adda 247 | Designit Case Study,Sankalp Bharat App — Adda 247 | Designit Case Study,Sankalp Bharat App,Sankalp Bharat App,yes,yes,yes,yes,,,not checked (owner: export before merge),KEEP,Designit (Sahil),"staging, awaiting approval"
/projects/adda247/studio-app/,unchanged,Studio App for Smart Boards — Adda 247 | Designit Case Study,Studio App for Smart Boards — Adda 247 | Designit Case Study,Studio App for Smart Boards,Studio App for Smart Boards,yes,yes,yes,yes,,,not checked (owner: export before merge),KEEP*,Designit (Sahil),"staging, awaiting approval"
/projects/adda247/studio-app/my-content,redirect (unchanged),,,,,no,no,,,/projects/adda247/my-content/,,not checked (owner: export before merge),REDIRECT (exists),Designit (Sahil),"staging, awaiting approval"
/projects/adda247/studio-app/my-content.html,redirect (unchanged),,,,,no,no,,,/projects/adda247/my-content/,,not checked (owner: export before merge),REDIRECT (exists),Designit (Sahil),"staging, awaiting approval"
/projects/adda247/studio-app/my-content/,redirect (unchanged),,,,,no,no,,,/projects/adda247/my-content/,,not checked (owner: export before merge),REDIRECT (exists),Designit (Sahil),"staging, awaiting approval"
/projects/adda247/test-series/,unchanged,Test Series Enhancement — Adda 247 | Designit Case Study,Test Series Enhancement — Adda 247 | Designit Case Study,Test Series Enhancement,Test Series Enhancement,yes,yes,yes,yes,,,not checked (owner: export before merge),KEEP,Designit (Sahil),"staging, awaiting approval"
/projects/betacrew/,"same URL, changed: title, h1",Betacrew Case Study: Fintech Platform UX | Designit,Betacrew Portle Case Study: Developer Platform UX | Designit,Betacrew,Betacrew Portle: one developer platform replacing three API tools,yes,yes,yes,yes,,,not checked (owner: export before merge),KEEP + EXPAND,Designit (Sahil),"staging, awaiting approval"
/projects/betacrew/portle/,unchanged,Portle Case Study — Betacrew Fintech UX | Designit,Portle Case Study — Betacrew Fintech UX | Designit,Portle,Portle,yes,yes,yes,yes,,,not checked (owner: export before merge),KEEP*,Designit (Sahil),"staging, awaiting approval"
/projects/kelp-global/,"same URL, changed: title, h1",Kelp Global Case Study: CRM Platform UX | Designit,Kelp Global Case Study: B2B SaaS Product Suite | Designit,Kelp Global,Kelp Global: three connected sales products on one design system,yes,yes,yes,yes,,,not checked (owner: export before merge),KEEP + EXPAND,Designit (Sahil),"staging, awaiting approval"
/projects/kelp-global/deals-module/,unchanged,Deals Module — Kelp Global — Designit,Deals Module — Kelp Global — Designit,Deals Module,Deals Module,yes,yes,yes,yes,,,not checked (owner: export before merge),KEEP*,Designit (Sahil),"staging, awaiting approval"
/projects/kelp-global/kelp-plugin/,unchanged,Kelp Plugin — Kelp Global — Designit,Kelp Plugin — Kelp Global — Designit,Kelp Plugin,Kelp Plugin,yes,yes,yes,yes,,,not checked (owner: export before merge),KEEP*,Designit (Sahil),"staging, awaiting approval"
/projects/kelp-global/truenorth/,unchanged,Truenorth Analytics — Kelp Global — Designit,Truenorth Analytics — Kelp Global — Designit,Truenorth Analytics,Truenorth Analytics,yes,yes,yes,yes,,,not checked (owner: export before merge),KEEP*,Designit (Sahil),"staging, awaiting approval"
/projects/rcentric/,"same URL, changed: title, h1",R-Centric (Omniyat) — Designit Case Study,R-Centric Case Study: Luxury Dubai Property Sites | Designit,R-Centric (Omniyat),R-Centric: seven luxury Dubai property experiences on one shared system,yes,yes,yes,yes,,,not checked (owner: export before merge),KEEP + EXPAND,Designit (Sahil),"staging, awaiting approval"
/projects/rcentric/anwa-aria/,unchanged,Anwa Aria — R-Centric (Omniyat) — Designit,Anwa Aria — R-Centric (Omniyat) — Designit,Anwa Aria,Anwa Aria,yes,yes,yes,yes,,,not checked (owner: export before merge),KEEP*,Designit (Sahil),"staging, awaiting approval"
/projects/rcentric/ela/,unchanged,ELA Residences — R-Centric (Omniyat) — Designit,ELA Residences — R-Centric (Omniyat) — Designit,ELA Residences,ELA Residences,yes,yes,yes,yes,,,not checked (owner: export before merge),KEEP*,Designit (Sahil),"staging, awaiting approval"
/projects/rcentric/ela/orla-infinity,redirect (unchanged),,,,,no,no,,,/projects/rcentric/orla-infinity/,,not checked (owner: export before merge),REDIRECT (exists),Designit (Sahil),"staging, awaiting approval"
/projects/rcentric/ela/orla-infinity.html,redirect (unchanged),,,,,no,no,,,/projects/rcentric/orla-infinity/,,not checked (owner: export before merge),REDIRECT (exists),Designit (Sahil),"staging, awaiting approval"
/projects/rcentric/ela/orla-infinity/,redirect (unchanged),,,,,no,no,,,/projects/rcentric/orla-infinity/,,not checked (owner: export before merge),REDIRECT (exists),Designit (Sahil),"staging, awaiting approval"
/projects/rcentric/liv-reside/,unchanged,LIV Reside — R-Centric (Omniyat) — Designit,LIV Reside — R-Centric (Omniyat) — Designit,LIV Reside,LIV Reside,yes,yes,yes,yes,,,not checked (owner: export before merge),KEEP*,Designit (Sahil),"staging, awaiting approval"
/projects/rcentric/liv/,unchanged,LIV — R-Centric (Omniyat) — Designit,LIV — R-Centric (Omniyat) — Designit,LIV,LIV,yes,yes,yes,yes,,,not checked (owner: export before merge),KEEP*,Designit (Sahil),"staging, awaiting approval"
/projects/rcentric/opus/,unchanged,OPUS — R-Centric (Omniyat) — Designit,OPUS — R-Centric (Omniyat) — Designit,OPUS,OPUS,yes,yes,yes,yes,,,not checked (owner: export before merge),KEEP*,Designit (Sahil),"staging, awaiting approval"
/projects/rcentric/opus/ela,redirect (unchanged),,,,,no,no,,,/projects/rcentric/ela/,,not checked (owner: export before merge),REDIRECT (exists),Designit (Sahil),"staging, awaiting approval"
/projects/rcentric/opus/ela.html,redirect (unchanged),,,,,no,no,,,/projects/rcentric/ela/,,not checked (owner: export before merge),REDIRECT (exists),Designit (Sahil),"staging, awaiting approval"
/projects/rcentric/opus/ela/,redirect (unchanged),,,,,no,no,,,/projects/rcentric/ela/,,not checked (owner: export before merge),REDIRECT (exists),Designit (Sahil),"staging, awaiting approval"
/projects/rcentric/orla-infinity/,unchanged,Orla Infinity — R-Centric (Omniyat) — Designit,Orla Infinity — R-Centric (Omniyat) — Designit,Orla Infinity,Orla Infinity,yes,yes,yes,yes,,,not checked (owner: export before merge),KEEP*,Designit (Sahil),"staging, awaiting approval"
/projects/rcentric/vela-viento/,unchanged,Vela Viento — R-Centric (Omniyat) — Designit,Vela Viento — R-Centric (Omniyat) — Designit,Vela Viento,Vela Viento,yes,yes,yes,yes,,,not checked (owner: export before merge),KEEP*,Designit (Sahil),"staging, awaiting approval"
/projects/tata-elxsi/,"same URL, changed: title, h1",Tata Elxsi Case Study: Automotive HMI | Designit,Tata Elxsi Case Study: Automotive HMI Design | Designit,Tata Elxsi,Tata Elxsi: an infotainment system and instrument cluster designed for the glance,yes,yes,yes,yes,,,not checked (owner: export before merge),KEEP + EXPAND,Designit (Sahil),"staging, awaiting approval"
/projects/tata-elxsi/infotainment/,unchanged,Infotainment System — Tata Elxsi — Designit,Infotainment System — Tata Elxsi — Designit,Infotainment System,Infotainment System,yes,yes,yes,yes,,,not checked (owner: export before merge),KEEP*,Designit (Sahil),"staging, awaiting approval"
/projects/tata-elxsi/instrument-cluster/,unchanged,Digital Instrument Cluster — Tata Elxsi — Designit,Digital Instrument Cluster — Tata Elxsi — Designit,Digital Instrument Cluster,Digital Instrument Cluster,yes,yes,yes,yes,,,not checked (owner: export before merge),KEEP*,Designit (Sahil),"staging, awaiting approval"
/resources/,NEW page,,Product Design Resources: Checklists & Guides | Designit,,Resources for product teams,,yes,,yes,,,not checked (owner: export before merge),CREATE,Designit (Sahil),"staging, awaiting approval"
/resources/ai-product-ux-checklist/,NEW page,,"AI Product UX Checklist: Trust, Control, Recovery | Designit",,Check whether people can understand and trust your AI product,,yes,,yes,,,not checked (owner: export before merge),CREATE,Designit (Sahil),"staging, awaiting approval"
/resources/saas-onboarding-friction-checklist/,NEW page,,SaaS Onboarding Friction Checklist: 25 Checks | Designit,,Find where new users stall in your onboarding,,yes,,yes,,,not checked (owner: export before merge),CREATE,Designit (Sahil),"staging, awaiting approval"
/resources/ux-audit-checklist/,NEW page,,Interactive UX Audit Checklist (48 Checks) | Designit,,Score your product with the UX audit checklist,,yes,,yes,,,not checked (owner: export before merge),CREATE,Designit (Sahil),"staging, awaiting approval"
/resources/website-ux-scorecard/,NEW page,,Website UX Scorecard: Check What Converts | Designit,,Score your website before you redesign it,,yes,,yes,,,not checked (owner: export before merge),CREATE,Designit (Sahil),"staging, awaiting approval"
/services/,"same URL, changed: title, h1","Product Design Services: UX Audit, Design Systems","Product Design Services: Research, UX, Systems | Designit","Six services, one discipline.","Product design services, from research to scale",yes,yes,yes,yes,,,not checked (owner: export before merge),KEEP + REWRITE,Designit (Sahil),"staging, awaiting approval"
/services/ai-product-design/,NEW page,,AI Product Design & AI UX Design Agency | Designit,,Designing AI products people can understand and trust,,yes,,yes,,,not checked (owner: export before merge),CREATE,Designit (Sahil),"staging, awaiting approval"
/services/branding/,NEW page,,Branding Agency for Tech Startups & B2B SaaS | Designit,,Brand systems for technology companies ready to grow,,yes,,yes,,,not checked (owner: export before merge),CREATE,Designit (Sahil),"staging, awaiting approval"
/services/conversion-optimization/,NEW page,,Conversion Rate Optimization Through UX | Designit,,Conversion optimization through better product experience,,yes,,yes,,,not checked (owner: export before merge),CREATE,Designit (Sahil),"staging, awaiting approval"
/services/design-systems/,"same URL, changed: title, h1",Design System Agency India — UI Components | Designit,"Design System Agency: Tokens, Components & Docs | Designit",A design system your engineers will actually use.,Design systems that help product teams ship consistently,yes,yes,yes,yes,,,not checked (owner: export before merge),KEEP + EXPAND,Designit (Sahil),"staging, awaiting approval"
/services/mobile-app-design/,NEW page,,Mobile App Design Agency: iOS & Android UX | Designit,,Mobile app design for products people open every day,,yes,,yes,,,not checked (owner: export before merge),CREATE,Designit (Sahil),"staging, awaiting approval"
/services/product-design/,"same URL, changed: title, h1",Product Design Agency — Research to Interface,Product Design Agency for Complex Products | Designit,"Product design that starts with the problem, not the wireframe.",Product design that turns complexity into usable experiences,yes,yes,yes,yes,,,not checked (owner: export before merge),KEEP + REWRITE,Designit (Sahil),"staging, awaiting approval"
/services/saas-product-design/,"same URL, changed: title, h1",SaaS Product Design Agency India — B2B UX Design | Designit,SaaS Product Design Agency for B2B Products | Designit,"SaaS product design that moves activation, not just pixels.",SaaS product design for complex B2B products,yes,yes,yes,yes,,,not checked (owner: export before merge),KEEP + REWRITE,Designit (Sahil),"staging, awaiting approval"
/services/ui-ux-design/,"same URL, changed: title, h1",UI/UX Design Services India | Designit,UI/UX Design Company & Studio in India | Designit,"UI/UX design decided by evidence, not by whoever argues hardest.",A UI/UX design studio for software people use every day,yes,yes,yes,yes,,,not checked (owner: export before merge),KEEP + RETARGET*,Designit (Sahil),"staging, awaiting approval"
/services/ux-audit/,"same URL, changed: title, h1",UX Audit Services India — Prioritised Fix List | Designit,"UX Audit Services for SaaS, Websites & Apps | Designit",A UX audit that tells you what to fix first — and what it's worth.,Find the friction before it costs you users,yes,yes,yes,yes,,,not checked (owner: export before merge),KEEP + REWRITE,Designit (Sahil),"staging, awaiting approval"
/services/ux-research/,"same URL, changed: title, h1",UX Research Agency — Interviews & Testing | Designit,UX Research Services: Interviews & Testing | Designit,Research that settles arguments instead of generating slides.,Research that turns product uncertainty into decisions,yes,yes,yes,yes,,,not checked (owner: export before merge),KEEP + REWRITE,Designit (Sahil),"staging, awaiting approval"
/services/website-design/,NEW page,,Website Design & Redesign for B2B and SaaS | Designit,,"Websites built to explain, convince and convert",,yes,,yes,,,not checked (owner: export before merge),CREATE,Designit (Sahil),"staging, awaiting approval"
/solutions/,NEW page,,Product Design Solutions by Problem | Designit,,Start with the problem you have,,yes,,yes,,,not checked (owner: export before merge),CREATE,Designit (Sahil),"staging, awaiting approval"
/solutions/conversion-improvement/,NEW page,,How to Improve Website & SaaS Conversion with UX | Designit,,"Improve conversion by fixing the experience, not the button colour",,yes,,yes,,,not checked (owner: export before merge),CREATE,Designit (Sahil),"staging, awaiting approval"
/solutions/design-system-scaling/,NEW page,,Scaling a Design System Across Products & Teams | Designit,,Scale a design system across products and teams,,yes,,yes,,,not checked (owner: export before merge),CREATE,Designit (Sahil),"staging, awaiting approval"
/solutions/legacy-product-modernization/,NEW page,,Legacy Product UX Modernization for Enterprise | Designit,,Modernise a legacy product without stopping the business,,yes,,yes,,,not checked (owner: export before merge),CREATE,Designit (Sahil),"staging, awaiting approval"
/solutions/mvp-design/,NEW page,,MVP Design for Startups: Discovery to Launch | Designit,,MVP design: launch the smallest product that proves the point,,yes,,yes,,,not checked (owner: export before merge),CREATE,Designit (Sahil),"staging, awaiting approval"
/solutions/product-redesign/,NEW page,,Product Redesign: Fix Adoption Without a Rebuild | Designit,,Product redesign without breaking what already works,,yes,,yes,,,not checked (owner: export before merge),CREATE,Designit (Sahil),"staging, awaiting approval"
/start-a-project/,NEW page,,Start a Project: Product Scope & Fit Assessment | Designit,,Tell us what isn't working,,yes,,yes,,,not checked (owner: export before merge),CREATE,Designit (Sahil),"staging, awaiting approval"
/terms/,unchanged,Terms & Conditions | Designit,Terms & Conditions | Designit,Terms & Conditions,Terms & Conditions,no,no,yes,yes,,,not checked (owner: export before merge),KEEP noindex*,Designit (Sahil),"staging, awaiting approval"
/ui-ux-design-agency-uk/,"same URL, changed: title, h1",UI/UX Design Agency for UK Startups & SaaS | Designit,UI/UX Design Agency for UK Software Teams | Designit,"A senior design partner for UK software teams, in your working day.","A senior design partner for UK software teams, in your working day",yes,yes,yes,yes,,37.4,not checked (owner: export before merge),KEEP + REWRITE,Designit (Sahil),"staging, awaiting approval"
/ui-ux-design-agency-usa/,"same URL, changed: title, h1",UI/UX Design Agency for US Startups & SaaS Teams | Designit,UI/UX Design Agency for US Software Companies | Designit,"A senior design team for US software companies, without the US agency rate.",A senior design team for US software companies,yes,yes,yes,yes,,22.76,not checked (owner: export before merge),KEEP + REWRITE,Designit (Sahil),"staging, awaiting approval"
/ux-design-agency-dubai/,"same URL, changed: title, h1","UX Design Agency Dubai & UAE — PropTech, FinTech | Designit",UX Design Agency for Dubai & the UAE: Arabic RTL | Designit,"A UX design partner in the UAE, with the work to prove it.","A UX design partner for the UAE, with the work to prove it",yes,yes,yes,yes,,,not checked (owner: export before merge),KEEP + REWRITE,Designit (Sahil),"staging, awaiting approval"
/work,NEW redirect alias,,,,,,no,,,/projects/,,not checked (owner: export before merge),REDIRECT (exists),Designit (Sahil),"staging, awaiting approval"
/work/,NEW redirect alias,,,,,,no,,,/projects/,,not checked (owner: export before merge),REDIRECT (exists),Designit (Sahil),"staging, awaiting approval"
