Date,Clicks,Impressions,CTR,Position
2026-07-03,0,49,0%,11.6
2026-07-04,0,28,0%,11.5
2026-07-05,0,24,0%,12.3
2026-07-06,1,75,1.33%,10.2
2026-07-07,0,69,0%,9.4
2026-07-08,0,48,0%,9.3
2026-07-09,1,53,1.89%,10.3
2026-07-10,1,35,2.86%,8.4
2026-07-11,0,56,0%,13.6
2026-07-12,0,43,0%,14.2
2026-07-13,0,67,0%,12.4
2026-07-14,1,61,1.64%,9.7
2026-07-15,0,49,0%,11.7
2026-07-16,1,34,2.94%,10.6
2026-07-17,0,55,0%,10.7
2026-07-18,0,35,0%,17.9
2026-07-19,0,33,0%,15.5
2026-07-20,0,56,0%,11.5
2026-07-21,0,64,0%,9.4
2026-07-22,2,67,2.99%,6.9
2026-07-23,1,51,1.96%,7.4
2026-07-24,0,54,0%,12.8
2026-07-25,0,54,0%,7.6
2026-07-26,1,43,2.33%,10.6
2026-07-27,0,56,0%,11.1
2026-07-28,0,59,0%,9.4
2026-07-29,0,54,0%,11.1
2026-07-30,2,62,3.23%,9.2
2026-07-31,0,57,0%,13.1
2026-08-01,0,43,0%,11
2026-08-02,0,58,0%,12.4
2026-08-03,1,50,2%,9.2
2026-08-04,0,70,0%,12
2026-08-05,1,84,1.19%,12.6
2026-08-06,3,69,4.35%,11
2026-08-07,3,101,2.97%,8.5
2026-08-08,1,94,1.06%,5.2
2026-08-09,0,130,0%,7.8
2026-08-10,2,115,1.74%,10.5
2026-08-11,2,81,2.47%,13.9
2026-08-12,0,95,0%,12.2
2026-08-13,0,58,0%,17.9
2026-08-14,0,59,0%,20.2
2026-08-15,2,41,4.88%,27
2026-08-16,1,60,1.67%,23.6
2026-08-17,2,90,2.22%,13.1
2026-08-18,1,81,1.23%,19.1
2026-08-19,2,124,1.61%,15.1
2026-08-20,1,121,0.83%,17.7
2026-08-21,1,87,1.15%,15.5
2026-08-22,2,94,2.13%,16
2026-08-23,3,101,2.97%,17.7
2026-08-24,0,98,0%,16
2026-08-25,1,94,1.06%,17.4
2026-08-26,0,87,0%,22
2026-08-27,1,95,1.05%,17.7
2026-08-28,1,99,1.01%,24.3
2026-08-29,4,127,3.15%,27.9
2026-08-30,1,104,0.96%,25.4
2026-08-31,1,127,0.79%,14.9
2026-09-01,1,108,0.93%,13.3
2026-09-02,4,112,3.57%,6.7
2026-09-03,0,64,0%,12.4
2026-09-04,0,59,0%,13.4
2026-09-05,1,70,1.43%,13.6
2026-09-06,1,58,1.72%,16.2
2026-09-07,1,105,0.95%,16.2
2026-09-08,1,104,0.96%,12.8
2026-09-09,2,80,2.5%,12.5
2026-09-10,0,57,0%,13.4
2026-09-11,1,64,1.56%,10.3
2026-09-12,0,39,0%,13.2
2026-09-13,1,53,1.89%,15.6
2026-09-14,0,120,0%,12.4
2026-09-15,1,441,0.23%,6.9
2026-09-16,2,247,0.81%,7.7
2026-09-17,0,212,0%,6.5
2026-09-18,1,82,1.22%,13.6
2026-09-19,1,102,0.98%,13
2026-09-20,0,85,0%,10.7
2026-09-21,2,119,1.68%,12.1
2026-09-22,0,85,0%,7.8
2026-09-23,0,103,0%,7.9
2026-09-24,3,108,2.78%,9.6
2026-09-25,2,71,2.82%,16.8
2026-09-26,0,62,0%,13.5
2026-09-27,0,84,0%,12.8
2026-09-28,1,100,1%,11.5
2026-09-29,0,86,0%,11.3
2026-09-30,1,104,0.96%,7.5
2026-10-01,3,100,3%,10.4
2026-10-02,0,57,0%,12.9