Country,Clicks,Impressions,CTR,Position
India,74,5664,1.31%,9.5
United States,1,877,0.11%,15.74
United Arab Emirates,1,104,0.96%,28.75
Germany,1,52,1.92%,14.6
Philippines,1,32,3.12%,53.75
United Kingdom,0,115,0%,27.15
Netherlands,0,63,0%,28.65
Italy,0,40,0%,11.7
Bangladesh,0,39,0%,42.92
Singapore,0,37,0%,29.97
Spain,0,35,0%,13.51
Mexico,0,35,0%,43.94
Vietnam,0,34,0%,47.03
Indonesia,0,29,0%,43.83
Thailand,0,26,0%,43.85
Malaysia,0,25,0%,41.56
Pakistan,0,20,0%,8.8
Australia,0,20,0%,15.95
Israel,0,19,0%,23.58
Argentina,0,18,0%,5.06
Brazil,0,18,0%,10.28
Turkey,0,18,0%,49.39
France,0,17,0%,23.24
Canada,0,14,0%,19.14
Saudi Arabia,0,13,0%,24.77
Russia,0,13,0%,25.69
Sweden,0,12,0%,12.33
Jordan,0,9,0%,44.33
Hong Kong,0,8,0%,7.38
Poland,0,8,0%,22.5
Ukraine,0,8,0%,32.38
Switzerland,0,7,0%,9.57
Peru,0,7,0%,21.57
Nepal,0,6,0%,4.83
Norway,0,6,0%,8.33
Kenya,0,6,0%,10.5
China,0,6,0%,11
Oman,0,5,0%,2.6
Nigeria,0,5,0%,4.4
Denmark,0,5,0%,13.4
Czechia,0,5,0%,26.8
Morocco,0,5,0%,41
Ireland,0,5,0%,42.6
Algeria,0,5,0%,51.6
Bahrain,0,4,0%,4
Armenia,0,4,0%,7.75
Japan,0,4,0%,13
Chile,0,4,0%,23.5
New Zealand,0,4,0%,36.75
Greece,0,3,0%,6.33
South Korea,0,3,0%,6.67
Lithuania,0,3,0%,6.67
Austria,0,3,0%,11
Colombia,0,3,0%,13.67
Taiwan,0,2,0%,3.5
Somalia,0,2,0%,4
Bulgaria,0,2,0%,4.5
Costa Rica,0,2,0%,6
Qatar,0,2,0%,6
South Africa,0,2,0%,6.5
Iran,0,2,0%,8
Tunisia,0,2,0%,8
Ethiopia,0,2,0%,9.5
Syria,0,2,0%,10.5
Iraq,0,2,0%,48
Portugal,0,1,0%,1
Moldova,0,1,0%,3
Estonia,0,1,0%,4
Bosnia & Herzegovina,0,1,0%,5
Albania,0,1,0%,6
Barbados,0,1,0%,6
Kuwait,0,1,0%,6
Cambodia,0,1,0%,7
Egypt,0,1,0%,8
Mauritius,0,1,0%,8
Belgium,0,1,0%,10
Congo - Kinshasa,0,1,0%,10
Malta,0,1,0%,10
Uruguay,0,1,0%,10
Uzbekistan,0,1,0%,16
Hungary,0,1,0%,21
El Salvador,0,1,0%,29