Top queries,Clicks,Impressions,CTR,Position
designit,15,1671,0.9%,8.48
design it,7,344,2.03%,9.49
desigit,4,1379,0.29%,5.26
designit careers,4,259,1.54%,8.35
designit india,2,22,9.09%,17.95
designit studio,2,14,14.29%,9.64
designit phone number,1,19,5.26%,2.11
designit.net,1,19,5.26%,5
designit agency,0,100,0%,25.3
designit bangalore,0,56,0%,9.09
best branding agency for startups in india,0,39,0%,29.46
startup branding packages india,0,37,0%,6.65
desigit.net,0,37,0%,7.68
branding company for startups,0,35,0%,19.74
best branding companies for startups in india,0,29,0%,19.79
fix saas onboarding drop offs ux,0,22,0%,18.73
cro tactics for b2b saas enterprise,0,21,0%,15.48
ux research agency,0,21,0%,60.71
betacrew,0,18,0%,10.06
regional language support in indian edtech saas best practices,0,17,0%,4.88
designit jobs,0,17,0%,7.35
designit north america,0,17,0%,27.88
branding agencies in india with experience in nuclear or deeptech startups,0,16,0%,9.31
designit logo,0,16,0%,17.75
design it services,0,16,0%,97.88
desingit,0,14,0%,5.14
arabic english ux design agency,0,13,0%,61
designit consultants pvt ltd,0,12,0%,11.25
brand strategy agency for startups,0,12,0%,25.92
ui ux design services for saas,0,11,0%,24.09
branding agency for startups india,0,11,0%,45.64
banking ux design agency dubai,0,11,0%,70.82
designit company,0,10,0%,9.9
b2b saas ux design,0,10,0%,11.7
designit.com,0,10,0%,17.8
desing it,0,10,0%,34.8
branding solutions for startups,0,10,0%,42.9
ux audit in mumbai,0,10,0%,76.1
designed it,0,9,0%,28.89
saas ui/ux design services,0,9,0%,38.78
ux audit services,0,9,0%,98.67
desigit net,0,8,0%,4.38
designit wipro,0,8,0%,43.62
designit internship,0,7,0%,2.71
kelp global,0,7,0%,9.43
affordable branding agency for startups,0,7,0%,16.86
improve website conversion rate,0,6,0%,53.33
b2b ui/ux design services,0,5,0%,10.6
"we're an indian b2b startup preparing for a series a raise and need a 
branding agency that can deliver investor-grade brand identity and a 
website. which india-based agencies do this well?",0,5,0%,11.8
ecommerce bounce rate too high,0,5,0%,22.6
ui & ux design company unites states,0,5,0%,55.6
fast iteration cro saas,0,5,0%,61.8
desigit .net,0,4,0%,4.25
desigit.,0,4,0%,4.5
deisgnit,0,4,0%,4.75
designit official website,0,4,0%,6.25
adda 247 kya hai,0,4,0%,6.5
adda247 blog,0,4,0%,7
branding agency startups,0,4,0%,16.75
"what design and ux patterns in modern bpaas platforms drive higher 
enrollment completion rates and reduce abandonment",0,4,0%,20.25
designit official,0,4,0%,52.75
design it!,0,4,0%,59.75
best ui/ux agencies for mobile app design,0,3,0%,1
desighit,0,3,0%,2.33
desigitnet,0,3,0%,4.33
desigit.nit,0,3,0%,4.67
desigit.com,0,3,0%,5.67
best cro agencies for b2b saas and tech companies,0,3,0%,8.33
betacrew labs,0,3,0%,16.33
how to improve website conversion rate,0,3,0%,29
b2b saas ux best practices,0,3,0%,30
designit software,0,3,0%,42.33
website conversion improvement,0,3,0%,45.33
top ux design companies in the uae,0,3,0%,62.67
website redesign for b2b companies,0,3,0%,66
ux research company in mumbai,0,3,0%,84
ux design research services,0,3,0%,86
ux audit companies,0,3,0%,89.33
design it software,0,3,0%,91
what are the top ui/ux agencies for ed-tech companies?,0,2,0%,1
"""what's the best enterprise product design firm for high-quality dev 
handoff & implementation?""",0,2,0%,2
"(""tata elxsi"" or ""tether auto"" or ""avenir"") and (""internet of things"" or 
""iot"" or ""cloud"" or ""mobility"" or ""automotive"" or ""software-defined 
vehicles"" or ""sdv"")",0,2,0%,5
designing it,0,2,0%,5
we implemented kyc but onboarding conversion dropped significantly,0,2,0%,5.5
desigit.net-,0,2,0%,9
"(""tata elxsi"" or ""manoj raghavan"" or ""sundar ganapathi"") and (""design 
engineering"" or ""er&d"" or ""engineering research and development"" or 
""artificial intelligence"" or ""ai"" or ""genai"")",0,2,0%,10
rcentric,0,2,0%,10
landing page cro expert india,0,2,0%,15.5
adda247 logo,0,2,0%,19.5
hire ux designers for startups,0,2,0%,21.5
designit london,0,2,0%,36
cro focused marketing b2b,0,2,0%,38.5
designer it,0,2,0%,42
improve website conversions,0,2,0%,45
ux testing agency,0,2,0%,48
design-it,0,2,0%,54.5
designit prototype,0,2,0%,55.5
b2b ux design,0,2,0%,62.5
user research agency,0,2,0%,68
designit munich,0,2,0%,74.5
ux research company,0,2,0%,76
ux audit company,0,2,0%,77.5
saas product design agency,0,2,0%,89
user experience audit services,0,2,0%,95.5
design thinking in 3 steps designit strategic design online free,0,1,0%,1
mobile ui ux design companies in europe,0,1,0%,1
tech industry,0,1,0%,1
top 10 ui ux design agencies in uk,0,1,0%,1
ui ux designer jobs in dubai,0,1,0%,1
what challenges exist when trying to optimize b2b saas?,0,1,0%,1
"who can build an onboarding education journey for new investors on our uk 
platform?",0,1,0%,1
"i am a 35-44, 45-54, or 55-64 year old procurement lead, digital 
transformation lead, product operations lead, or innovation manager. my job 
seniority is at the procurement level. i work at a company with 10k+ 
employees. my main motivations: wants to evaluate external partners that 
can support complex digital initiatives with strong delivery standards, 
credible case studies, clear processes, and low operational risk. looks for 
strategic fit, technical capability, stakeholder confidence, budget 
alignment, and proof that the partner can work across enterprise teams. my 
main pain points: i need to justify the vendor decision across procurement, 
product, legal, finance, and leadership while making sure the partner can 
deliver quality work at enterprise scale. who offers flexible pricing for 
ongoing digital product design work?",0,1,0%,2
"i am a 35-44, 45-54, or 55-64 year old procurement lead, digital 
transformation lead, product operations lead, or innovation manager. my job 
seniority is at the procurement level. i work at a company with 10k+ 
employees. my main motivations: wants to evaluate external partners that 
can support complex digital initiatives with strong delivery standards, 
credible case studies, clear processes, and low operational risk. looks for 
strategic fit, technical capability, stakeholder confidence, budget 
alignment, and proof that the partner can work across enterprise teams. my 
main pain points: i need to justify the vendor decision across procurement, 
product, legal, finance, and leadership while making sure the partner can 
deliver quality work at enterprise scale. ¿dónde puedo contratar un equipo 
ux con experiencia para un rediseño importante de producto?",0,1,0%,2
"i am a 35-44, 45-54, or 55-64 year old procurement lead, digital 
transformation lead, product operations lead, or innovation manager. my job 
seniority is at the procurement level. i work at a company with 10k+ 
employees. my main motivations: wants to evaluate external partners that 
can support complex digital initiatives with strong delivery standards, 
credible case studies, clear processes, and low operational risk. looks for 
strategic fit, technical capability, stakeholder confidence, budget 
alignment, and proof that the partner can work across enterprise teams. my 
main pain points: i need to justify the vendor decision across procurement, 
product, legal, finance, and leadership while making sure the partner can 
deliver quality work at enterprise scale. ¿qué socios de diseño empresarial 
vale la pena considerar para trabajo continuo de producto?",0,1,0%,2
image dikhaye,0,1,0%,2
tips to improve,0,1,0%,2
best agencies for user-centred design and service design,0,1,0%,3
"design sprint agency vs hiring a freelance facilitator which is better for 
a high stakes product launch",0,1,0%,3
designitnorthamerica,0,1,0%,3
"i am a 25-34, 35-44, 45-54, or 55-64 year old founder or ceo. my job 
seniority is at the founder or executive decision-maker level. i work at a 
company with 1-249 employees. my main motivations: wants to turn a funded 
idea into a polished, scalable product that can attract users, investors, 
and early market traction. looks for strategic product direction, strong 
ux, fast execution, brand credibility, and a partner that can help move 
from concept to launch without building a full in-house team too early. my 
main pain points: i have funding and urgency, but i need the right product 
and design partner to help me launch quickly without sacrificing quality, 
positioning, or long-term scalability. ¿quién ofrece buen diseño ux y de 
interfaces para plataformas financieras?",0,1,0%,3
"i am a 25-34, 35-44, 45-54, or 55-64 year old vp product, head of design, 
or product design lead in the technology or software industry. my job 
seniority is at the senior product or design leader level. i work at a 
company with 250-1k employees. my main motivations: wants to improve 
product experience, accelerate roadmap delivery, and bring sharper design 
systems, ux strategy, and execution support into a growing organization. 
prioritizes user adoption, product quality, stakeholder alignment, scalable 
processes, and measurable business impact. my main pain points: my team has 
ambitious product goals, but we need extra senior-level design and product 
execution support without slowing down internal teams or compromising 
consistency. where can i get reliable quotes for end-to-end product design?",0,1,0%,3
"i'm evaluating european design studios for a b2b saas product launch, need 
strong ux and engineering together. which agencies stand out?",0,1,0%,3
deginit,0,1,0%,4
desgin it,0,1,0%,4
desigits,0,1,0%,4
"i am a 35-44, 45-54, or 55-64 year old procurement lead, digital 
transformation lead, product operations lead, or innovation manager. my job 
seniority is at the procurement level. i work at a company with 10k+ 
employees. my main motivations: wants to evaluate external partners that 
can support complex digital initiatives with strong delivery standards, 
credible case studies, clear processes, and low operational risk. looks for 
strategic fit, technical capability, stakeholder confidence, budget 
alignment, and proof that the partner can work across enterprise teams. my 
main pain points: i need to justify the vendor decision across procurement, 
product, legal, finance, and leadership while making sure the partner can 
deliver quality work at enterprise scale. ¿dónde debería buscar una firma 
de diseño confiable para modernizar productos heredados?",0,1,0%,4
"i am a 35-44, 45-54, or 55-64 year old procurement lead, digital 
transformation lead, product operations lead, or innovation manager. my job 
seniority is at the procurement level. i work at a company with 10k+ 
employees. my main motivations: wants to evaluate external partners that 
can support complex digital initiatives with strong delivery standards, 
credible case studies, clear processes, and low operational risk. looks for 
strategic fit, technical capability, stakeholder confidence, budget 
alignment, and proof that the partner can work across enterprise teams. my 
main pain points: i need to justify the vendor decision across procurement, 
product, legal, finance, and leadership while making sure the partner can 
deliver quality work at enterprise scale. ¿quién brinda consultoría ux 
confiable para plataformas digitales?",0,1,0%,4
im in uae,0,1,0%,4
"¿cuáles son los socios de diseño líderes para productos de finanzas 
digitales?",0,1,0%,4
¿qué agencias son conocidas por crear experiencias fintech de alta calidad?,0,1,0%,4
companies similar to ideo,0,1,0%,5
"karmaşık kurumsal platformlar için önde gelen ui tasarım hizmetlerini kim 
sunuyor?",0,1,0%,5
yes,0,1,0%,5
"""designit"" bilbao",0,1,0%,6
engineering websites design,0,1,0%,6
"i am a 35-44, 45-54, or 55-64 year old procurement lead, digital 
transformation lead, product operations lead, or innovation manager. my job 
seniority is at the procurement level. i work at a company with 10k+ 
employees. my main motivations: wants to evaluate external partners that 
can support complex digital initiatives with strong delivery standards, 
credible case studies, clear processes, and low operational risk. looks for 
strategic fit, technical capability, stakeholder confidence, budget 
alignment, and proof that the partner can work across enterprise teams. my 
main pain points: i need to justify the vendor decision across procurement, 
product, legal, finance, and leadership while making sure the partner can 
deliver quality work at enterprise scale. ¿qué firmas de diseño de producto 
ofrecen soporte escalable para equipos de ia en crecimiento?",0,1,0%,6
which onboarding methods work best for low bandwidth users in india,0,1,0%,6
hire ui designer,0,1,0%,7
i need a ux designer for my saas startup. who can i hire in the uk?,0,1,0%,7
please provide all the social media accountfor this company.,0,1,0%,7
"¿qué agencias de diseño son conocidas por modernizar experiencias digitales 
complejas?",0,1,0%,8
b2b saas ui,0,1,0%,9
let's build something great together,0,1,0%,9
what does a 5 day design sprint with an agency usually cost in the us,0,1,0%,9
b2b saas ui design,0,1,0%,10
best branding agencies in india for b2b tech companies,0,1,0%,10
branding agency for tech startups,0,1,0%,10
studios comparable to metalab for digital product work,0,1,0%,10
"we're an indian cybersecurity startup and need a branding agency that 
understands ciso-level enterprise buyers, not just generic tech branding. 
who specializes in this?",0,1,0%,10
who designed it,0,1,0%,10
"which companies offer end-to-end design services for fintech applications?. 
my location is united kingdom.",0,1,0%,11
"product design services providing ux research and interface design for 
digital products",0,1,0%,12
startup branding services,0,1,0%,13
"which branding agencies in india specialize in naming and identity for deep 
tech startups like robotics or advanced materials companies?",0,1,0%,13
visual identity for startups,0,1,0%,16
how to choose a product design agency,0,1,0%,19
b2b saas digital marketing agency,0,1,0%,21
top brand strategy firms for startups,0,1,0%,21
hire ui ux designers india,0,1,0%,22
product design agency for startups,0,1,0%,23
best b2b branding agencies for tech companies,0,1,0%,24
designit germany gmbh,0,1,0%,26
watch designit strategic design videos,0,1,0%,26
technology branding services,0,1,0%,28
what are the best cro agencies for saas companies?,0,1,0%,30
best ai ux designer,0,1,0%,35
what are saas onboarding best practices,0,1,0%,35
conversion rate optimization for saas,0,1,0%,38
fintech ux design dubai,0,1,0%,39
kelp india,0,1,0%,39
website ux audit checklist,0,1,0%,40
ux research agency india,0,1,0%,50
how to increase website conversion rates,0,1,0%,53
design it studio,0,1,0%,54
dragit,0,1,0%,60
making website win,0,1,0%,63
design it wipro,0,1,0%,65
design technology solutions,0,1,0%,67
brand and ux agency for fintech startups uk,0,1,0%,70
top ux design consultancies b2b saas onboarding,0,1,0%,75
ux audit checklist,0,1,0%,79
cro for saas,0,1,0%,80
how much do agencies charge for ui ux design,0,1,0%,81
technology brand positioning agency,0,1,0%,84
designedit,0,1,0%,87
improve app conversion rate,0,1,0%,89
mindustrydesignit/design-it,0,1,0%,89
designit bilbao office,0,1,0%,92
design it right,0,1,0%,94
how to increase website conversion,0,1,0%,94
ux research consulting,0,1,0%,94
ui ux development company in usa,0,1,0%,96
ux audit checkliste,0,1,0%,97
website ux audit company,0,1,0%,98
ux audit agency,0,1,0%,100