Top pages,Clicks,Impressions,CTR,Position
https://designit.co.in/,53,4568,1.16%,7.54
https://designit.co.in/careers.html,7,758,0.92%,12.7
https://designit.co.in/contact.html,5,202,2.48%,13.11
https://designit.co.in/about.html,4,286,1.4%,23.16
https://designit.co.in/careers/,3,116,2.59%,8.65
https://designit.co.in/projects/adda247/,2,148,1.35%,9.4
https://designit.co.in/ui-ux-design-agency-uk/,1,110,0.91%,39.7
https://designit.co.in/ux-design-agency-dubai/,1,67,1.49%,46.79
https://designit.co.in/industries/automotive/,1,13,7.69%,8.85
https://designit.co.in/blog/design-system-cost-india-2026/,1,10,10%,21.9
https://designit.co.in/about-designit/,1,8,12.5%,3.75
https://designit.co.in/ui-ux-design-agency-usa/,0,235,0%,30.83
https://designit.co.in/blog/best-branding-agency-tech-startups-india/,0,177,0%,24.55
https://designit.co.in/projects/adda247/ios-app,0,168,0%,8.2
https://designit.co.in/blog/b2b-saas-ui-ux-design-services-india/,0,110,0%,17.25
https://designit.co.in/blog/edtech-ux-design-india/,0,106,0%,7.81
https://designit.co.in/blog/cro-strategies-for-b2b-saas-india/,0,97,0%,20.56
https://designit.co.in/blog/how-to-improve-website-conversion-rate-india/,0,96,0%,58.46
https://designit.co.in/blog/cost-ui-ux-design-mobile-app-india/,0,89,0%,10.82
https://designit.co.in/industries/,0,68,0%,40.66
https://designit.co.in/blog/branding-services-for-startups-india-cost/,0,67,0%,13.27
https://designit.co.in/projects/tata-elxsi/,0,55,0%,7.95
https://designit.co.in/services/ux-research/,0,51,0%,60.47
https://designit.co.in/blog/best-branding-agency-tech-startups-india,0,46,0%,17.96
https://designit.co.in/services/,0,39,0%,10.38
https://designit.co.in/services/ux-audit/,0,39,0%,73.36
https://designit.co.in/projects.html,0,35,0%,29.63
https://designit.co.in/blog/saas-onboarding-ux-best-practices-india/,0,29,0%,15.34
https://designit.co.in/projects/betacrew/,0,28,0%,9.89
https://designit.co.in/blog/hire-ui-ux-designer-vs-agency-india/,0,27,0%,25.19
https://designit.co.in/blog/fintech-onboarding-kyc-ux-india/,0,22,0%,5
https://designit.co.in/services/saas-product-design/,0,20,0%,26.95
https://designit.co.in/services/design-systems/,0,19,0%,50.16
https://designit.co.in/blog/how-ai-is-changing-ux-design-india/,0,18,0%,9.11
https://designit.co.in/blog/best-ai-tools-ui-ux-designers-2026/,0,17,0%,26.12
https://designit.co.in/projects/kelp-global/,0,16,0%,10.81
https://designit.co.in/projects/adda247/sankalp-bharat,0,15,0%,5.73
https://designit.co.in/blog/arabic-rtl-ux-design-proptech-uae/,0,13,0%,6.15
https://designit.co.in/blog/ai-driven-website-design-services-india/,0,13,0%,31.31
https://designit.co.in/blog/fintech-ux-design-agency-india/,0,12,0%,9.83
https://designit.co.in/projects/adda247/test-series,0,12,0%,14.5
https://designit.co.in/services/product-design/,0,12,0%,51.75
https://designit.co.in/blog/saas-dashboard-design-best-practices/,0,10,0%,7.2
https://designit.co.in/blog/why-ecommerce-bounce-rate-so-high-india/,0,10,0%,13.7
https://designit.co.in/projects/adda247/live-class,0,8,0%,4.62
https://designit.co.in/projects/tata-elxsi/instrument-cluster,0,8,0%,10.38
https://designit.co.in/blog/signs-your-company-needs-a-rebrand-india/,0,7,0%,6.29
https://designit.co.in/projects/tata-elxsi/infotainment,0,7,0%,9
https://designit.co.in/blog/generative-ai-website-personalization/,0,7,0%,11
https://designit.co.in/projects/rcentric/,0,6,0%,11.17
https://designit.co.in/projects/rcentric/anwa-aria,0,5,0%,6.8
https://designit.co.in/blog/ui-ux-design-agency-dubai-proptech/,0,5,0%,7
https://designit.co.in/projects/kelp-global/kelp-plugin,0,5,0%,7.8
https://designit.co.in/blog/,0,5,0%,8.6
https://designit.co.in/blog/visual-identity-vs-branding-startups/,0,5,0%,10.2
https://designit.co.in/blog/ux-audit-checklist/,0,5,0%,54.2
https://designit.co.in/about/,0,4,0%,6
https://designit.co.in/blog/freelancer-vs-design-agency-startups/,0,4,0%,6.25
https://designit.co.in/projects/kelp-global/truenorth,0,4,0%,6.75
https://designit.co.in/blog/ui-ux-audit-for-website-india/,0,4,0%,25.75
https://designit.co.in/projects/adda247/homepage-revamp,0,3,0%,6
https://designit.co.in/projects/rcentric,0,3,0%,7
https://designit.co.in/blog/b2b-website-redesign-services-india/,0,3,0%,66
https://designit.co.in/projects/adda247,0,2,0%,3.5
https://designit.co.in/projects/adda247/studio-app,0,2,0%,4
https://designit.co.in/projects/rcentric/opus,0,2,0%,4.5
https://designit.co.in/projects/rcentric/orla-infinity,0,2,0%,6
https://designit.co.in/blog/best-ai-tools-ui-ux-designers-2026,0,2,0%,8
https://designit.co.in/projects/adda247/test-series/,0,2,0%,8.5
https://designit.co.in/projects/kelp-global/deals-module,0,2,0%,9.5
https://designit.co.in/projects/,0,1,0%,1
https://designit.co.in/industries/fintech/,0,1,0%,2
https://designit.co.in/industries/b2b-saas/,0,1,0%,3
https://designit.co.in/projects/betacrew/portle,0,1,0%,3
https://designit.co.in/blog/custom-website-vs-template-roi-india/,0,1,0%,6
https://designit.co.in/industries/e-commerce/,0,1,0%,7
https://designit.co.in/blog/landing-page-conversion-audit-services-india/,0,1,0%,8
https://designit.co.in/blog/landing-page-design-lead-generation-india/,0,1,0%,10
https://designit.co.in/projects/adda247/performance-dashboard,0,1,0%,10
https://designit.co.in/projects/kelp-global/truenorth/,0,1,0%,10
https://designit.co.in/blog/how-to-choose-a-product-design-agency/,0,1,0%,19
https://designit.co.in/blog/b2b-website-redesign-services-india,0,1,0%,32